Day,Maximum temperature (°F),Minimum temperature (°F),Maximum humidity (%),Minimum humidity (%)
1/1/2009,40.1,34.5,44,27
2/1/2009,52.8,37.5,43,16
3/1/2009,41.2,6.7,89,35
4/1/2009,19.4,0,79,35
5/1/2009,30.3,15.1,56,13
6/1/2009,29.5,19.7,57,27
7/1/2009,39.1,27.3,86,46
8/1/2009,51.3,36.9,53,28
9/1/2009,41.5,19.2,82,27
10/1/2009,31.9,22.5,48,29
11/1/2009,36.3,26,52,29
12/1/2009,31.6,16.1,87,41
13-01-2009,38,28.5,54,34
14-01-2009,39.3,28.7,53,34
15-01-2009,43.6,27.9,59,28
16-01-2009,53,32.1,46,14
17-01-2009,54.1,28.1,28,11
18-01-2009,52.9,27.3,27,8
19-01-2009,57.5,36.9,39,7
20-01-2009,61,16.1,69,4
21-01-2009,55.7,41.6,19,6
22-01-2009,52.3,38.9,63,17
23-01-2009,38.9,12.8,89,63
24-01-2009,47.8,13.1,92,40
25-01-2009,39.6,5.2,92,45
26-01-2009,11.4,-3.1,79,65
27-01-2009,19.7,-11.2,76,25
28-01-2009,27,15.7,57,31
29-01-2009,30,15.9,58,27
30-01-2009,46.2,27.9,46,22
31-01-2009,45.1,29,32,14
1/2/2009,38.3,25.3,48,12
2/2/2009,40.3,26,46,25
3/2/2009,48.1,31.9,52,19
4/2/2009,55.8,27.6,28,7
5/2/2009,53.7,34.2,27,10
6/2/2009,44.6,20.7,90,27
7/2/2009,43.6,23.3,89,35
8/2/2009,50,21.1,83,27
9/2/2009,38.4,26,88,31
10/2/2009,33.5,14.8,88,36
11/2/2009,30.2,10.7,74,36
12/2/2009,35.9,11.4,81,25
13-02-2009,29.4,11.7,87,54
14-02-2009,31.5,12.3,87,43
15-02-2009,35.7,16.9,80,17
16-02-2009,46.1,34.4,41,15
17-02-2009,37.2,26.9,81,27
18-02-2009,35.5,24.2,55,26
19-02-2009,34.9,22.1,52,23
20-02-2009,37.9,12.8,83,13
21-02-2009,50.8,8.4,80,15
22-02-2009,54.2,34.1,28,10
23-02-2009,53.3,38.3,68,27
24-02-2009,50.4,37.3,61,30
25-02-2009,56.3,33.5,85,13
26-02-2009,43.1,28.2,88,24
27-02-2009,34,18.8,79,25
28-02-2009,42.9,16.3,50,10
1/3/2009,58.3,14.1,53,9
2/3/2009,62.6,44.5,27,11
3/3/2009,58.5,31.6,49,19
4/3/2009,58,30.3,51,9
5/3/2009,46.9,29.3,47,14
6/3/2009,42.2,25.6,73,23
7/3/2009,38.2,19.5,89,35
8/3/2009,47.7,26.7,43,10
9/3/2009,44.6,16.7,87,21
10/3/2009,26.7,11.4,87,22
11/3/2009,46.5,11.9,67,11
12/3/2009,42.1,11.6,81,19
16-03-2009,57.5,36,28,15
17-03-2009,58.4,36.8,59,16
18-03-2009,53.3,29,64,20
19-03-2009,59.8,21.8,83,17
20-03-2009,57.6,27.8,68,22
21-03-2009,63.1,22.4,83,12
22-03-2009,63.7,30.7,64,8
23-03-2009,42.2,25.7,64,31
24-03-2009,39.1,25.6,47,27
25-03-2009,34.7,18.8,77,28
26-03-2009,25.1,9.7,89,72
27-03-2009,36.3,6.5,82,23
28-03-2009,43.6,24.8,46,23
29-03-2009,52.5,30,84,18
30-03-2009,30.1,18.1,50,27
31-03-2009,33.4,17.6,69,27
1/4/2009,34,10.2,87,27
2/4/2009,43.4,10.9,82,32
3/4/2009,46.1,28.7,93,30
4/4/2009,33.7,18.6,93,40
5/4/2009,33.9,9.5,78,29
6/4/2009,49.4,16.4,52,13
7/4/2009,55.3,36.3,31,12
8/4/2009,60.7,35.9,37,11
9/4/2009,49.5,29.1,91,21
10/4/2009,49.9,26.4,92,40
11/4/2009,49.9,25.6,89,46
12/4/2009,45.2,27.8,92,55
13-04-2009,55.7,26,91,21
14-04-2009,55.8,29.1,76,25
15-04-2009,58.6,26.6,85,21
16-04-2009,37.9,26.7,94,80
17-04-2009,32.4,29.4,94,90
18-04-2009,43.8,26.6,93,57
19-04-2009,50.8,18.4,91,30
20-04-2009,57.8,36.5,56,25
21-04-2009,64.2,37.2,68,18
22-04-2009,62.1,30,83,17
23-04-2009,67.9,33.1,70,12
24-04-2009,64.7,40.2,76,18
25-04-2009,40.1,32.6,93,77
26-04-2009,44.3,30.3,94,35
27-04-2009,39.8,25.4,92,35
28-04-2009,60.9,26.4,89,23
29-04-2009,65,37.6,65,9
30-04-2009,53.1,29.4,79,41
1/5/2009,43.8,33.4,94,73
2/5/2009,48.5,32.9,94,66
3/5/2009,53.4,32.7,94,36
4/5/2009,56.9,36.9,88,22
5/5/2009,58.3,39.8,87,31
6/5/2009,68.9,37.3,85,15
7/5/2009,69.9,44.5,50,14
8/5/2009,55.6,37.5,52,15
9/5/2009,55.1,32.2,90,33
10/5/2009,43.6,32.9,93,72
11/5/2009,70.3,31.9,92,13
12/5/2009,71.6,40.6,79,12
13-05-2009,59.9,41.8,31,13
14-05-2009,67.8,30.4,60,16
15-05-2009,63.4,41.3,62,15
16-05-2009,60.7,36.2,80,35
17-05-2009,71.3,32.5,83,16
18-05-2009,79,36,74,9
19-05-2009,76.7,46,55,15
20-05-2009,69.4,54.4,52,24
21-05-2009,55.7,45.1,93,45
22-05-2009,66.6,37.2,94,38
23-05-2009,53.5,43.3,93,69
24-05-2009,61,43.3,93,59
25-05-2009,59.5,43.2,92,43
26-05-2009,55.7,39.2,92,44
27-05-2009,65.8,30.4,93,21
28-05-2009,66.4,33.2,90,23
29-05-2009,70.4,34.3,89,22
30-05-2009,67.8,42.6,78,27
31-05-2009,69.9,46.3,78,24
1/6/2009,61.2,41.6,92,51
2/6/2009,48,39.2,93,72
3/6/2009,62.9,39.6,91,39
4/6/2009,71.6,40.3,84,14
5/6/2009,71.5,40.1,89,17
6/6/2009,66.8,46,46,14
7/6/2009,61,33.4,78,20
8/6/2009,59.3,38.5,91,36
9/6/2009,62.6,40.5,93,27
10/6/2009,61.8,43.1,92,29
11/6/2009,60.2,41.1,93,37
12/6/2009,60.4,36.5,93,37
13-06-2009,68.6,42,85,20
14-06-2009,68.3,40.5,82,18
15-06-2009,63.1,38.6,93,32
16-06-2009,73.9,34.7,93,18
17-06-2009,73.2,39.6,87,18
18-06-2009,71.3,42.3,69,19
19-06-2009,68.4,46.7,61,27
20-06-2009,64.3,46.1,92,49
21-06-2009,73.7,49.9,75,19
22-06-2009,77,39.8,89,14
23-06-2009,76.5,41.1,93,22
24-06-2009,78.6,42.8,88,19
25-06-2009,78.1,47.3,88,31
26-06-2009,75,49.5,92,32
27-06-2009,76.1,53.6,70,14
28-06-2009,75.3,42.8,92,27
29-06-2009,78.8,43.2,86,16
30-06-2009,81.2,40.6,74,11
1/7/2009,79.2,41.2,91,15
2/7/2009,75.8,44.9,94,41
3/7/2009,73.1,53.2,92,39
4/7/2009,66.8,45.7,92,58
5/7/2009,69.3,41.6,95,47
6/7/2009,74,41.2,94,20
7/7/2009,81.4,42.2,82,13
8/7/2009,80.5,44.8,93,12
9/7/2009,75.8,40.9,86,28
10/7/2009,81.1,42.8,87,13
11/7/2009,85.3,46.7,87,14
12/7/2009,78.1,53.2,74,27
13-07-2009,82.6,43.8,88,21
14-07-2009,81.4,50.4,69,13
15-07-2009,81.7,42.5,77,9
16-07-2009,80.7,42.2,67,10
17-07-2009,78.3,42.8,67,13
18-07-2009,76.7,42.9,88,30
19-07-2009,84.7,43.8,87,14
20-07-2009,82.4,58.1,80,14
21-07-2009,70.3,52.8,89,47
22-07-2009,77.7,44.9,91,21
23-07-2009,80.1,45.2,86,20
24-07-2009,84.5,44.1,77,14
25-07-2009,72.5,48,93,51
26-07-2009,74,49.6,95,39
27-07-2009,73.3,44.5,93,42
28-07-2009,62.3,43.2,94,62
29-07-2009,59.8,43.6,94,64
30-07-2009,55.9,42.8,94,67
31-07-2009,72.5,39.3,95,24
1/8/2009,73.5,38.6,94,22
2/8/2009,82.2,43.3,82,13
3/8/2009,82.4,44.6,72,13
4/8/2009,81.6,44.9,74,15
5/8/2009,78.1,43.6,89,24
6/8/2009,80.5,50.1,93,27
7/8/2009,80.3,48,94,13
8/8/2009,73,44.8,62,11
9/8/2009,73.7,41.9,79,17
10/8/2009,72.6,45.5,91,20
11/8/2009,79,39.6,76,14
12/8/2009,84.7,41.3,64,9
13-08-2009,81.4,43.6,62,15
14-08-2009,68.9,55.8,82,38
15-08-2009,73.2,51.1,58,22
16-08-2009,69.4,41.1,65,17
17-08-2009,67.8,34.6,89,31
18-08-2009,71.7,38.2,93,19
19-08-2009,73.9,40.3,64,20
20-08-2009,77.2,41.1,85,24
21-08-2009,79.9,38.3,86,20
22-08-2009,87.2,42.6,76,11
23-08-2009,84.3,52.5,56,15
24-08-2009,75.1,54.7,86,23
25-08-2009,72.1,46.2,94,43
26-08-2009,72.5,42.3,94,27
27-08-2009,78.5,38.8,92,15
28-08-2009,76.7,39.2,82,26
29-08-2009,73.2,39.5,87,25
30-08-2009,67.4,40.6,93,47
31-08-2009,79.6,42.5,87,16
1/9/2009,79.8,38.9,89,11
2/9/2009,78.6,45.2,49,12
3/9/2009,74.6,40.6,77,21
4/9/2009,76.6,37.6,84,20
5/9/2009,76.5,37.3,83,21
6/9/2009,69.8,49.5,72,27
7/9/2009,79.9,42.8,91,20
8/9/2009,79.1,43.3,28,16
9/9/2009,76.3,44.1,91,17
10/9/2009,77.7,39.8,90,15
11/9/2009,71.6,39.3,72,17
12/9/2009,46.8,38.6,92,55
13-09-2009,73.7,35,94,25
14-09-2009,72.1,41.3,88,28
15-09-2009,70.3,44.6,80,34
16-09-2009,64.3,42.6,91,51
17-09-2009,68.9,39.5,93,34
18-09-2009,68.9,34.6,92,32
19-09-2009,73.1,33.4,83,16
20-09-2009,70.3,42.2,73,25
21-09-2009,46.5,32.9,92,38
22-09-2009,45.1,32.9,73,40
23-09-2009,50.4,32.2,90,27
24-09-2009,53.9,30.3,92,38
25-09-2009,61.5,35.3,92,24
26-09-2009,75.4,45.8,40,14
27-09-2009,75.4,38.4,67,12
28-09-2009,63.5,26.9,88,27
29-09-2009,77.2,33.8,81,10
30-09-2009,66.5,35.2,70,21
1/10/2009,40.9,29.4,52,27
2/10/2009,56.7,28.4,45,10
3/10/2009,58.6,20,78,19
4/10/2009,50.6,26.4,93,43
5/10/2009,46.2,32.8,94,36
6/10/2009,52.2,31.2,47,17
7/10/2009,63.2,42.7,55,17
8/10/2009,43.5,22.5,91,47
9/10/2009,43.8,15.2,91,45
10/10/2009,28.5,9.7,87,69
11/10/2009,50.4,15.9,92,41
12/10/2009,56.6,28.7,93,24
13-10-2009,56.7,28.5,94,30
14-10-2009,57.9,32.7,80,30
15-10-2009,54.9,41.2,79,27
16-10-2009,59.6,28.3,86,19
17-10-2009,63.7,21.6,91,21
18-10-2009,68.9,44,41,16
19-10-2009,65.8,36,71,18
20-10-2009,56.7,26.3,93,33
21-10-2009,37.2,28.5,93,77
22-10-2009,50.4,21.6,92,28
23-10-2009,52.2,31.2,68,23
24-10-2009,52,35.8,87,27
25-10-2009,37.2,17.2,89,33
26-10-2009,45.8,10,84,14
27-10-2009,51,26.9,92,19
28-10-2009,26.9,16.4,92,67
29-10-2009,26.1,12.4,85,47
30-10-2009,39.2,19.7,56,41
31-10-2009,55.3,36.6,58,26
1/11/2009,54.4,37.2,59,27
2/11/2009,50.4,30.6,86,31
3/11/2009,58,34.1,63,13
4/11/2009,65.5,23.8,82,11
5/11/2009,65.3,44.1,34,10
6/11/2009,62.7,47.3,95,11
7/11/2009,63.1,37.6,40,11
8/11/2009,53.5,37.8,64,19
9/11/2009,51.3,24.5,80,33
10/11/2009,57.8,21,83,16
11/11/2009,61,38.9,43,17
12/11/2009,58.1,45.6,48,22
13-11-2009,44.3,23,92,45
14-11-2009,36.3,21.9,90,67
15-11-2009,29,3.7,89,65
16-11-2009,42.8,-0.4,88,40
17-11-2009,53.9,13.5,89,27
18-11-2009,54.2,15.2,88,16
19-11-2009,45.2,17.8,85,26
20-11-2009,52.3,13.5,86,10
21-11-2009,48.9,28.2,78,9
22-11-2009,43.9,26.7,79,15
23-11-2009,33.5,21.6,78,28
24-11-2009,45.5,15.6,45,15
25-11-2009,51.9,28.2,57,26
26-11-2009,54.1,33.7,42,14
27-11-2009,55,35.9,23,6
28-11-2009,48.3,26,86,15
29-11-2009,39.8,16.5,89,36
30-11-2009,50.2,12.4,85,16
1/1/2010,40,22.1,61,41
2/1/2010,39.1,22,77,39
3/1/2010,33.4,9.2,85,34
4/1/2010,36.5,7.6,82,25
5/1/2010,40.1,28.4,60,43
6/1/2010,36.3,-2.2,79,50
7/1/2010,15.9,-10.5,75,49
8/1/2010,38.2,-7,67,13
9/1/2010,50.4,28,32,13
10/1/2010,49.4,16.2,66,14
11/1/2010,51.6,6.3,80,14
12/1/2010,53.6,11.6,68,10
13-01-2010,46,20.8,63,15
14-01-2010,42,13.5,78,30
15-01-2010,46.5,17.7,60,11
16-01-2010,53.7,31.5,35,15
17-01-2010,44.5,21.8,81,25
18-01-2010,44.5,-10,83,20
19-01-2010,41.6,23.8,89,30
20-01-2010,33.2,15.4,68,37
21-01-2010,41.8,22.4,68,22
22-01-2010,45.1,21.6,84,20
23-01-2010,33.1,22.4,53,25
24-01-2010,30.1,20.5,55,24
25-01-2010,33.8,-1.9,57,23
26-01-2010,41.9,10.1,70,27
27-01-2010,39.8,20.3,89,36
28-01-2010,31.9,14.6,88,67
29-01-2010,39.3,5.4,86,30
30-01-2010,44.1,8.6,85,24
31-01-2010,37.3,12.6,85,27
1/2/2010,33.4,23.8,54,32
2/2/2010,43.6,11.1,59,12
3/2/2010,43.1,18.6,64,19
4/2/2010,36.5,24.4,89,25
5/2/2010,41.6,21.9,77,27
6/2/2010,41.5,21.9,75,35
7/2/2010,24.8,19.9,88,73
8/2/2010,20,8.6,87,70
9/2/2010,34.6,-7,79,23
10/2/2010,34.6,22.2,47,32
11/2/2010,34.9,19.4,60,27
12/2/2010,35.5,19.2,63,35
13-02-2010,36.6,25.7,57,33
14-02-2010,25.7,3.4,85,37
15-02-2010,32.4,0.1,65,16
16-02-2010,39.5,-3.1,78,25
17-02-2010,41.8,19.2,81,27
18-02-2010,37,13.1,89,51
19-02-2010,26.6,8.4,86,69
20-02-2010,23.3,12.6,85,73
21-02-2010,19.5,4.3,83,70
22-02-2010,23.9,2,80,41
23-02-2010,36.2,4.1,76,25
24-02-2010,40.8,24.4,50,19
25-02-2010,34.7,18.1,88,36
26-02-2010,37.9,5.8,88,21
27-02-2010,44.6,9.9,69,11
28-02-2010,34.9,20.2,89,60
1/3/2010,39.1,14.3,90,40
2/3/2010,48.8,10.5,86,21
3/3/2010,48.3,15.4,84,23
4/3/2010,44.6,16.4,83,32
5/3/2010,36.9,20,85,34
6/3/2010,48.1,31.2,87,27
7/3/2010,52.8,24.5,88,15
8/3/2010,42.6,30.1,78,41
9/3/2010,44.6,25.7,86,26
10/3/2010,40.1,17,88,32
11/3/2010,37.4,20.2,79,28
12/3/2010,51.5,27.2,54,17
13-03-2010,49.9,21,70,14
14-03-2010,36.6,22.4,90,56
15-03-2010,46,18.1,91,38
16-03-2010,57.6,17.3,84,11
17-03-2010,60.7,25,61,9
18-03-2010,54.8,23.2,88,12
19-03-2010,26.7,4.5,89,80
20-03-2010,35,-10,80,24
21-03-2010,48.9,25.6,34,15
22-03-2010,52.1,29,64,19
23-03-2010,35.5,21.9,91,62
24-03-2010,35,16.7,89,54
25-03-2010,46.3,10.7,86,15
26-03-2010,38.6,29.1,88,30
27-03-2010,41.2,25.7,79,29
28-03-2010,51.4,28.8,43,14
29-03-2010,57.2,39.5,23,16
30-03-2010,64.2,45.8,24,14
31-03-2010,54.4,34,85,19
1/4/2010,38.8,24.3,91,42
2/4/2010,34.5,20.5,47,27
3/4/2010,39.1,27,91,35
4/4/2010,45.7,26.4,91,27
5/4/2010,48.2,29.4,91,35
6/4/2010,34.9,25.6,91,27
7/4/2010,38.2,22.7,86,35
8/4/2010,53.1,24.7,49,18
9/4/2010,56.4,37.8,52,15
10/4/2010,49.8,27.5,86,41
11/4/2010,63.9,24.5,89,10
12/4/2010,63.2,31,73,15
13-04-2010,49.2,33.8,83,21
14-04-2010,57.5,33.5,61,15
15-04-2010,57.3,24.5,80,28
16-04-2010,44.1,35.3,84,51
17-04-2010,49.6,31.6,92,53
18-04-2010,63.5,25.8,94,13
19-04-2010,62.3,25.6,83,15
20-04-2010,61.8,26.4,87,18
21-04-2010,57.9,32.5,92,49
22-04-2010,54.9,32.5,93,49
23-04-2010,37,30.3,94,76
24-04-2010,47.4,29.8,89,26
25-04-2010,49.8,26.7,91,33
26-04-2010,43.8,18.8,91,31
27-04-2010,63.5,24.5,91,12
28-04-2010,59.9,35.5,90,19
29-04-2010,36.5,27,94,30
30-04-2010,38,26.7,87,35
1/5/2010,42.3,27.2,71,28
2/5/2010,40.6,24.5,90,45
3/5/2010,51.7,23.3,92,32
4/5/2010,56.3,41.6,41,20
5/5/2010,49.5,38.9,65,22
6/5/2010,49.9,37.3,83,23
8/5/2010,44.9,20,81,33
9/5/2010,66.9,26.7,87,12
10/5/2010,52.9,37.9,76,17
11/5/2010,37.6,28.8,94,71
12/5/2010,34.9,24.5,93,78
13-05-2010,38.6,16.9,92,65
14-05-2010,51.3,29.3,93,50
15-05-2010,50.2,32.7,94,42
16-05-2010,60.1,32.5,80,20
17-05-2010,66,27.9,90,17
18-05-2010,64.5,36,88,28
19-05-2010,55.9,41.5,76,37
20-05-2010,66.1,36.3,91,21
21-05-2010,64.3,36.6,94,43
22-05-2010,73.2,40,84,13
23-05-2010,57.8,41.1,83,36
24-05-2010,62.7,33.8,92,19
25-05-2010,58.4,38.2,75,28
26-05-2010,67.1,34.9,90,25
27-05-2010,74.6,39.8,93,22
28-05-2010,80.7,39.5,73,11
29-05-2010,72.7,43.1,80,10
30-05-2010,59.9,35.2,88,34
31-05-2010,69.4,30.6,83,11
1/6/2010,71.5,34.9,75,14
2/6/2010,66,40.1,84,29
3/6/2010,70.1,43.1,74,28
4/6/2010,79,43.2,80,22
5/6/2010,77.6,58.4,64,27
6/6/2010,83.8,44.5,91,19
7/6/2010,84.3,47.3,91,13
8/6/2010,68.3,52.6,91,40
9/6/2010,74.6,44.2,94,37
10/6/2010,70.4,49.9,92,20
11/6/2010,63.2,46.2,94,50
12/6/2010,47.7,41.9,94,87
13-06-2010,50.9,38.3,94,72
14-06-2010,61.3,38.3,94,36
15-06-2010,67.6,43.5,68,24
16-06-2010,74,39.3,87,19
17-06-2010,70.4,45.5,69,11
18-06-2010,77.4,36.5,75,9
19-06-2010,74.6,42.5,89,41
20-06-2010,77.5,40.3,88,12
21-06-2010,78.6,40.8,90,9
22-06-2010,78.1,39.5,80,7
23-06-2010,68.1,40.9,68,33
24-06-2010,84.9,40.9,90,10
25-06-2010,84.7,40.1,69,10
26-06-2010,77.8,52.9,62,22
27-06-2010,71.3,41.3,92,45
28-06-2010,77.4,42.3,95,20
29-06-2010,77.7,43.9,84,22
30-06-2010,79.9,42.9,80,20
1/7/2010,81.8,51.3,86,19
2/7/2010,76.8,48,92,27
3/7/2010,81.3,46.7,84,11
4/7/2010,68.1,47.1,89,51
5/7/2010,75.9,46.7,90,16
6/7/2010,79,40.3,90,17
7/7/2010,59.8,46,92,69
8/7/2010,63.1,40.1,94,63
9/7/2010,70.3,39.1,94,35
10/7/2010,77,43.9,89,20
11/7/2010,77.7,42.9,80,20
12/7/2010,80.7,55.7,56,19
13-07-2010,83.8,56.9,47,17
14-07-2010,81,58.1,71,21
15-07-2010,83.6,48.4,86,10
16-07-2010,87.8,41.6,69,7
17-07-2010,87.2,46,61,11
18-07-2010,83.2,49.9,75,20
19-07-2010,87,45.4,79,16
20-07-2010,76.5,48,85,40
22-07-2010,82,52,85,24
23-07-2010,83.7,48.6,81,13
24-07-2010,71.6,54.4,82,42
25-07-2010,77.8,48,90,35
26-07-2010,85.8,45.4,82,17
27-07-2010,82.8,50.5,81,21
28-07-2010,76.2,57.5,90,43
29-07-2010,78.3,57.3,94,34
30-07-2010,79.5,50.4,94,38
31-07-2010,79.4,49.1,94,39
1/8/2010,79.2,54.8,92,35
2/8/2010,75.4,55,92,41
3/8/2010,76.7,48.6,93,38
4/8/2010,74.6,50.8,86,42
5/8/2010,72.1,44.2,94,38
6/8/2010,77.4,45.5,94,26
7/8/2010,80.5,48.3,84,21
8/8/2010,77.4,53.6,87,23
9/8/2010,71.6,50,86,43
10/8/2010,78,41.9,93,16
11/8/2010,80.5,44.9,75,15
12/8/2010,76.5,48.8,78,20
13-08-2010,78.8,42.8,81,13
14-08-2010,67.8,40.2,75,36
15-08-2010,73.5,46.1,85,47
16-08-2010,77.8,46.4,94,26
17-08-2010,79.9,41.3,94,16
18-08-2010,85.1,48.3,69,13
19-08-2010,68.6,55.1,89,41
20-08-2010,77.5,51.3,60,22
21-08-2010,81.2,44.5,78,16
22-08-2010,86.1,45.1,70,14
23-08-2010,77.7,51.6,68,24
24-08-2010,70.3,49.8,85,45
25-08-2010,77.7,40.2,90,11
26-08-2010,83.4,39.6,77,12
27-08-2010,84.1,44.6,64,13
28-08-2010,78.1,53.2,79,19
29-08-2010,77.8,53.2,62,16
30-08-2010,73.3,48.5,62,17
31-08-2010,67.1,47.4,71,32
1/9/2010,76.7,36.3,87,13
2/9/2010,63.1,43.5,62,35
3/9/2010,73.7,30.9,85,20
4/9/2010,83,38,66,11
5/9/2010,79.4,49.8,38,10
6/9/2010,65.3,41.5,57,6
7/9/2010,75.7,27.1,58,8
8/9/2010,74.6,45.2,85,24
9/9/2010,74.6,39.3,93,16
10/9/2010,63.7,48,45,18
11/9/2010,73,38.5,45,9
12/9/2010,75.6,36.2,52,10
13-09-2010,78.3,35.9,63,11
14-09-2010,79.3,36.6,68,8
15-09-2010,78.4,43.5,50,8
16-09-2010,79.6,36.6,81,10
17-09-2010,80.3,38.5,61,9
18-09-2010,81.6,36.8,70,8
19-09-2010,83.2,36.5,76,5
20-09-2010,78.6,45.8,57,18
21-09-2010,73.3,37.9,84,36
22-09-2010,73.3,45.4,84,27
24-09-2010,72.1,52,32,13
25-09-2010,73.9,43.9,57,14
26-09-2010,82,34.3,78,12
27-09-2010,79.8,45.1,58,12
28-09-2010,83.5,34.7,80,11
29-09-2010,77.2,51.3,57,11
30-09-2010,71.5,34.9,87,22
1/10/2010,72.3,34.7,77,16
2/10/2010,65.9,32.4,86,30
3/10/2010,76.1,34.1,80,12
4/10/2010,70.4,35.2,64,19
5/10/2010,71.7,34.9,79,21
6/10/2010,63.9,43.1,89,44
7/10/2010,72.5,37.2,90,19
8/10/2010,59.5,38.6,82,21
9/10/2010,53.9,42.3,50,27
10/10/2010,58.1,42.3,80,36
11/10/2010,65.5,31.9,86,19
12/10/2010,46.8,35.6,90,58
13-10-2010,58.4,26.7,93,31
14-10-2010,69.5,27.3,92,15
15-10-2010,68.5,35.2,64,15
16-10-2010,62.9,32.5,80,24
17-10-2010,65.8,27,87,20
18-10-2010,48.6,32.4,93,50
19-10-2010,61.6,25.8,94,24
20-10-2010,62.8,27.2,86,21
21-10-2010,64.3,25.4,88,22
22-10-2010,46.2,35.8,93,70
23-10-2010,51.6,39.3,93,40
24-10-2010,49.6,39.5,68,44
25-10-2010,48.6,27,91,34
26-10-2010,34.4,23.8,86,31
27-10-2010,36.2,26,50,25
28-10-2010,57.2,17.7,49,7
29-10-2010,61,47.4,30,10
30-10-2010,64,44.2,56,14
31-10-2010,50.4,35.8,88,31
1/11/2010,52.2,27.6,75,26
2/11/2010,69,28.4,76,22
3/11/2010,56.2,27.3,89,38
4/11/2010,55.6,22.1,91,17
5/11/2010,62.7,27.6,59,18
6/11/2010,69.6,34,59,13
7/11/2010,58.7,31.3,66,24
8/11/2010,65.2,32,60,15
9/11/2010,40.8,24.4,85,40
10/11/2010,36.8,20.3,88,26
11/11/2010,28.1,14.8,89,78
12/11/2010,39.8,10.2,87,21
13-11-2010,34.7,21.4,82,33
14-11-2010,34.4,16.5,85,36
15-11-2010,40.4,24.5,82,31
16-11-2010,36.8,27.6,91,45
17-11-2010,36.6,19.4,63,28
18-11-2010,50.1,35.9,28,18
19-11-2010,53.1,32.8,33,12
20-11-2010,55,40.1,43,13
21-11-2010,44.8,23.5,89,36
22-11-2010,27.9,20,85,32
23-11-2010,41.3,20.5,57,15
24-11-2010,30.7,5.8,84,21
25-11-2010,23.5,5,35,17
26-11-2010,39.9,10.4,48,31
27-11-2010,47,24.1,39,15
28-11-2010,42.3,23.8,76,17
29-11-2010,24.4,14.9,51,28
30-11-2010,32.6,14.3,47,15
2/12/2010,48.8,36.4,58,28
3/12/2010,46.2,42.3,41,28
4/12/2010,46,21.8,89,28
5/12/2010,43.1,18.8,86,45
6/12/2010,48.1,18.1,87,27
7/12/2010,46.2,23,60,23
8/12/2010,49.2,23.9,41,15
9/12/2010,44,29.5,57,25
10/12/2010,43.4,28.1,85,32
11/12/2010,29,17,57,31
12/12/2010,46.7,16.7,66,31
13-12-2010,53.2,42.6,42,16
14-12-2010,52.2,42.1,41,18
15-12-2010,44.3,22.9,88,27
16-12-2010,29.1,10.5,84,33
17-12-2010,24.1,10,83,53
18-12-2010,38.9,11.1,83,40
19-12-2010,41.8,32.3,93,52
20-12-2010,37.5,28.1,92,54
21-12-2010,28.7,22.3,87,54
22-12-2010,39.2,17.7,90,68
23-12-2010,46,19.2,92,44
24-12-2010,38.2,14.1,89,57
25-12-2010,51.4,8.4,86,17
26-12-2010,51.7,16.5,77,15
27-12-2010,36.9,27.6,50,24
28-12-2010,41.5,18,51,17
29-12-2010,39.3,32.8,50,15
30-12-2010,33.4,-1.2,85,44
31-12-2010,5.4,-1.4,76,34
1/1/2011,13.1,1.5,46,30
2/1/2011,29.4,11.6,55,24
3/1/2011,33.8,10.2,82,25
4/1/2011,32.5,22.7,47,23
5/1/2011,33.4,22.5,51,35
6/1/2011,43.2,27.8,48,31
7/1/2011,47,25,76,29
8/1/2011,45.1,32.4,59,30
9/1/2011,33.3,5.2,87,60
10/1/2011,13.5,-11.2,78,40
11/1/2011,20.6,3.5,54,22
12/1/2011,34.7,-1.2,64,25
13-01-2011,41.5,30,59,40
14-01-2011,44.1,32.5,53,27
15-01-2011,40.6,32.9,51,34
16-01-2011,44.2,28.2,71,42
17-01-2011,45.1,31.6,82,34
18-01-2011,38.3,30.3,71,28
19-01-2011,36.6,7,85,31
20-01-2011,31.8,0.7,81,24
21-01-2011,35.6,24.4,63,21
22-01-2011,34.4,20.2,83,32
23-01-2011,32.5,17.7,50,22
24-01-2011,31.9,14.7,55,19
25-01-2011,38.5,15.1,76,11
26-01-2011,39.3,17.2,78,23
27-01-2011,48.6,32.2,41,21
28-01-2011,57.2,26.6,58,19
29-01-2011,49.4,21.1,72,23
30-01-2011,47.6,19.1,79,20
31-01-2011,34.6,-5.9,86,33
1/2/2011,-6.1,-23.6,70,52
2/2/2011,7.7,-27.7,73,35
3/2/2011,32.1,-16.6,81,51
4/2/2011,40.2,1.1,87,44
5/2/2011,33.1,14,88,46
6/2/2011,26.4,-1.8,85,32
7/2/2011,34.9,-2.4,88,41
8/2/2011,10.8,-13,79,61
9/2/2011,19.9,-21.6,70,26
10/2/2011,28.3,11.9,43,28
11/2/2011,34.3,21.8,45,33
12/2/2011,44.9,28.1,43,18
13-02-2011,51,31.3,34,14
14-02-2011,52.8,16.1,68,10
15-02-2011,54,35.5,36,10
16-02-2011,49.6,40.6,37,14
17-02-2011,42.1,23,86,27
18-02-2011,44.1,14.8,83,16
19-02-2011,51,28.5,88,24
20-02-2011,32.5,23.8,92,28
21-02-2011,33.2,21.8,46,28
22-02-2011,39.2,24.8,37,12
23-02-2011,41.1,23.9,79,16
24-02-2011,34.4,14.3,89,39
25-02-2011,26.1,13.1,88,83
26-02-2011,35.9,26.3,88,34
27-02-2011,39.5,27.3,53,21
28-02-2011,44.6,26.3,44,17
28-03-2011,37.2,26.6,90,30
30-03-2011,44.6,29.2,53,28
31-03-2011,53.5,39.1,65,27
27-04-2011,43.1,29.4,47,25
28-04-2011,55.8,33.1,50,9
29-04-2011,49,24.7,89,27
30-04-2011,38.4,22.1,54,20
1/5/2011,38.1,22.4,88,26
2/5/2011,43.8,12.4,85,28
3/5/2011,54.8,35.5,50,19
4/5/2011,51.4,33.6,80,18
5/5/2011,62.6,27.5,52,9
6/5/2011,66.6,35.8,44,2
7/5/2011,71.7,33.7,67,12
8/5/2011,72,33.1,65,8
9/5/2011,68.4,43.6,52,12
10/5/2011,60.7,38.5,54,12
11/5/2011,42.8,32.5,94,55
12/5/2011,48,32.5,92,44
13-05-2011,59.3,32.7,91,23
14-05-2011,38.6,27.5,92,71
15-05-2011,41.8,30.6,91,70
16-05-2011,62.7,33.7,87,38
17-05-2011,59.9,31.9,92,25
18-05-2011,40.8,32.5,93,79
19-05-2011,40.9,31.2,94,76
20-05-2011,51.3,30,94,36
21-05-2011,53.2,38.5,70,41
22-05-2011,65.3,46.5,48,23
23-05-2011,63.3,42.5,80,25
24-05-2011,51.1,32.1,91,44
25-05-2011,59.5,42.3,83,27
26-05-2011,68.4,33.2,92,16
27-05-2011,55.1,40.3,84,38
28-05-2011,49.1,39.6,90,64
29-05-2011,65.6,43.1,94,46
30-05-2011,54.4,38.2,93,17
31-05-2011,68.8,40.6,54,10
1/6/2011,76.1,35.5,71,12
2/6/2011,77.6,38.1,75,10
3/6/2011,63.5,41.2,70,15
4/6/2011,70.8,35.5,87,33
5/6/2011,78.1,38.3,91,11
6/6/2011,78.5,39.2,76,13
7/6/2011,71.6,46.4,31,9
8/6/2011,66.2,38.8,86,26
9/6/2011,62.1,44.1,93,55
10/6/2011,65.5,38.3,91,32
11/6/2011,74.9,35.2,91,12
12/6/2011,75.6,37.3,87,7
13-06-2011,74,37.6,77,11
14-06-2011,69.4,41.9,66,15
15-06-2011,77.8,34.9,80,11
16-06-2011,75.4,45.2,75,19
17-06-2011,61.6,43.3,89,35
18-06-2011,65.2,41.6,91,25
19-06-2011,66.3,44.2,91,27
20-06-2011,63.1,41.8,91,41
21-06-2011,68.3,45.8,69,25
22-06-2011,76.1,38.5,86,18
23-06-2011,77.6,40.5,89,20
24-06-2011,80.1,40.6,89,13
25-06-2011,79.9,41.5,88,10
26-06-2011,79.4,41.9,60,9
27-06-2011,66.8,45.7,83,36
28-06-2011,84.7,40.8,92,11
29-06-2011,84.7,48,78,15
30-06-2011,78.8,49.2,87,17
14-07-2011,78.8,51.3,92,23
15-07-2011,82.4,44.6,88,13
16-07-2011,83.6,47.1,90,19
17-07-2011,84,49.9,93,30
18-07-2011,82.8,48.9,95,30
19-07-2011,83.4,53.3,80,27
20-07-2011,83.8,54.3,65,19
21-07-2011,83.4,44.9,91,16
22-07-2011,83.8,43.8,88,12
23-07-2011,86.1,46.4,80,8
24-07-2011,85.2,49.2,92,13
25-07-2011,84.7,48.8,93,17
26-07-2011,78.5,56.2,84,27
27-07-2011,78.6,54.7,75,23
28-07-2011,76,47.7,91,28
29-07-2011,77.9,45.4,91,27
30-07-2011,85.7,44.8,85,15
31-07-2011,86.3,48.2,87,21
1/8/2011,81.1,61.5,59,28
2/8/2011,78.3,60.9,76,31
3/8/2011,79,51.3,93,31
4/8/2011,77.4,52.9,78,27
5/8/2011,80.7,51.6,74,16
6/8/2011,82.8,43.5,85,14
7/8/2011,84.5,41.3,82,9
8/8/2011,83,50.2,53,8
9/8/2011,84.3,41.1,84,10
10/8/2011,75.3,44.6,93,34
11/8/2011,83.2,39.9,79,10
12/8/2011,77.4,41.9,64,15
13-08-2011,80.1,40.5,83,13
14-08-2011,74.4,48.3,88,26
15-08-2011,81.4,58.1,52,20
16-08-2011,83.8,48.2,88,18
17-08-2011,87.6,42.9,91,10
18-08-2011,89.7,41.2,76,6
19-08-2011,76.1,52.8,73,21
20-08-2011,81.2,45.2,90,25
21-08-2011,84,48.9,92,19
22-08-2011,83.9,50.4,79,19
23-08-2011,87.6,51.1,65,12
24-08-2011,86.1,48.8,80,16
25-08-2011,85.6,46.2,85,18
26-08-2011,80.9,50.2,90,23
27-08-2011,83,47.3,92,22
28-08-2011,84,51,85,20
29-08-2011,78.5,51.1,94,25
30-08-2011,82,52,61,20
31-08-2011,84.9,55.1,77,14
26-09-2011,78.1,38.3,68,11
27-09-2011,76.5,37.2,84,14
29-09-2011,67.1,35.6,78,21
30-09-2011,78.5,29.5,92,12
1/10/2011,75.8,35.6,76,16
2/10/2011,73.6,42.8,68,18
3/10/2011,72.7,37.3,80,23
4/10/2011,70.8,37.3,76,24
5/10/2011,62.9,21.5,74,24
6/10/2011,62.6,35,83,24
7/10/2011,50.7,33.5,41,15
8/10/2011,38.6,30.1,91,32
9/10/2011,49.9,25.6,90,32
10/10/2011,56.6,29.8,91,26
11/10/2011,55.7,34.7,82,29
12/10/2011,58.1,40.3,76,13
13-10-2011,66.5,46,44,16
14-10-2011,68.7,44.3,45,18
15-10-2011,73.7,50.4,34,12
16-10-2011,70.9,35,77,15
17-10-2011,56,38.5,87,31
18-10-2011,52.8,27.8,76,20
19-10-2011,58.3,18.3,86,19
20-10-2011,63.5,30.4,62,15
21-10-2011,64.5,38.3,46,13
22-10-2011,61,38.5,63,17
23-10-2011,66.3,46.5,32,11
24-10-2011,65.8,40.5,35,10
25-10-2011,59.2,26.6,91,23
26-10-2011,26.6,14.6,91,77
27-10-2011,39.8,-1.2,85,35
28-10-2011,44.8,14.4,85,23
29-10-2011,48.3,36.9,40,17
30-10-2011,53.2,36.6,48,26
31-10-2011,55.9,42.5,47,24
1/11/2011,45.4,21.1,90,38
2/11/2011,29.5,15.6,89,81
3/11/2011,53.6,2.6,86,11
5/11/2011,51,22.2,81,29
6/11/2011,34,17.2,64,33
7/11/2011,39.1,14.8,84,34
8/11/2011,39.3,11.6,85,24
9/11/2011,43.3,14.8,62,14
10/11/2011,47.3,32.2,19,9
11/11/2011,54.1,36.2,20,6
12/11/2011,43.3,30,89,16
13-11-2011,41.3,28.8,89,41
14-11-2011,41.3,30.1,63,23
15-11-2011,36.2,28.4,61,27
16-11-2011,33.7,22,40,11
17-11-2011,45.2,27.9,28,17
18-11-2011,50.5,36.3,37,19
19-11-2011,42.8,23.5,88,27
20-11-2011,44.2,18.2,86,37
21-11-2011,45.7,29.3,79,31
22-11-2011,44.1,29.4,64,33
23-11-2011,55.4,29.7,45,14
24-11-2011,56,30,43,11
25-11-2011,46.2,23.2,87,24
26-11-2011,34.1,16.6,73,19
27-11-2011,56.5,32.2,32,15
28-11-2011,56.5,30,59,12
29-11-2011,51.9,20.5,79,18
30-11-2011,49.6,27.1,86,16
22-12-2011,23.2,-7.2,86,72
23-12-2011,38.8,-9.1,83,41
24-12-2011,43.3,0.9,83,17
25-12-2011,53.9,4.3,82,20
26-12-2011,41.9,19.1,69,18
27-12-2011,45.4,28.8,42,16
28-12-2011,45.7,30.1,47,23
29-12-2011,45.7,34.1,84,24
30-12-2011,51.1,34.9,42,20
31-12-2011,44.5,22.1,81,14
1/1/2012,44.2,22.7,56,10
2/1/2012,52.8,12.4,78,17
3/1/2012,52.3,36,28,15
4/1/2012,55.1,37.9,34,10
5/1/2012,56.6,28.1,55,16
6/1/2012,46.8,15.4,85,11
7/1/2012,34.6,11.2,89,51
8/1/2012,35.2,-1.6,83,26
9/1/2012,46,6.3,85,37
10/1/2012,51.2,13.5,86,16
11/1/2012,33.5,12.3,80,17
12/1/2012,35.2,15.7,35,17
13-01-2012,36.9,22.7,27,17
14-01-2012,46.2,29.4,30,18
15-01-2012,46.8,36,24,11
16-01-2012,38,10.2,85,24
17-01-2012,22.1,8.6,39,20
18-01-2012,37.5,21.8,56,21
19-01-2012,46.1,33.1,61,41
20-01-2012,41.5,34,74,35
21-01-2012,52,35.9,69,26
22-01-2012,37.7,25.3,60,25
23-01-2012,41.5,22.5,64,20
24-01-2012,35.8,12.6,86,44
25-01-2012,51.3,25,46,15
26-01-2012,45.7,31.7,81,23
27-01-2012,34.7,18.9,67,21
28-01-2012,34,18.3,27,12
29-01-2012,46.7,28.5,35,22
30-01-2012,47,33.5,41,19
31-01-2012,42.2,26.4,42,18
1/3/2012,30.9,16.2,87,32
2/3/2012,26.7,3.4,69,23
3/3/2012,35.2,13.5,45,27
4/3/2012,46,29.4,55,25
5/3/2012,52.2,36,27,15
6/3/2012,56.2,30,43,7
7/3/2012,36.5,21.9,89,34
8/3/2012,44.6,15.7,85,27
9/3/2012,55.6,12.3,77,9
10/3/2012,59.6,16.1,71,8
11/3/2012,53.4,24.5,76,12
12/3/2012,55,35.3,36,15
13-03-2012,58.3,42.5,25,9
14-03-2012,59.6,38.2,21,6
15-03-2012,60.2,32.9,55,15
16-03-2012,61.3,27,69,14
17-03-2012,64.7,33.4,41,11
18-03-2012,59.9,23.6,89,13
19-03-2012,38.3,23.5,60,21
20-03-2012,44.5,17.2,49,11
21-03-2012,59.3,18.6,58,17
22-03-2012,62,21.6,76,15
23-03-2012,68.9,27.6,57,7
24-03-2012,64,30,70,12
25-03-2012,69.2,27,86,10
26-03-2012,67,29.8,72,6
27-03-2012,59.3,35.1,38,9
28-03-2012,62.9,25,59,10
29-03-2012,59.5,42.8,43,14
30-03-2012,65.8,44.1,37,14
31-03-2012,70.8,49.6,31,6
1/4/2012,72,49.1,24,9
2/4/2012,50.1,29.4,89,22
3/4/2012,34.7,26,89,71
4/4/2012,56.8,23,90,30
5/4/2012,61.2,26.8,85,13
6/4/2012,61.3,27.5,81,6
7/4/2012,56.3,26.3,53,7
8/4/2012,65.6,25.4,54,6
9/4/2012,66.9,23.6,61,6
10/4/2012,70.8,24.2,80,9
11/4/2012,63.6,28.4,86,27
12/4/2012,54.7,37.5,88,16
13-04-2012,52.2,33.8,60,15
14-04-2012,48.6,27,92,31
15-04-2012,44.6,28.4,92,37
16-04-2012,48.3,25,89,25
17-04-2012,56.2,36,51,22
18-04-2012,61.6,34.1,59,19
19-04-2012,54.9,36.6,80,23
20-04-2012,57.9,28.5,92,26
21-04-2012,69.4,42.9,66,13
22-04-2012,68.8,29,87,16
23-04-2012,74.3,30.6,77,12
24-04-2012,74.2,35.2,62,12
25-04-2012,69.3,35.5,55,15
26-04-2012,67.8,43.9,81,20
27-04-2012,51.4,31.3,88,22
28-04-2012,54.8,25.6,80,13
29-04-2012,57.8,22.7,83,15
30-04-2012,66,23.3,73,11
1/5/2012,63.4,48.6,54,17
2/5/2012,65.4,39.1,81,23
3/5/2012,69.3,32.8,88,18
4/5/2012,76,44.2,34,7
5/5/2012,73.8,44.5,38,8
6/5/2012,50.5,28.5,91,23
7/5/2012,42.6,33,92,67
8/5/2012,57,23.8,92,30
9/5/2012,72.3,26.7,89,13
10/5/2012,74.6,32.1,67,10
11/5/2012,54.6,32.1,92,39
12/5/2012,55.4,30.4,94,41
13-05-2012,53.8,31.2,94,37
14-05-2012,68.9,23.6,90,10
15-05-2012,70.4,30.1,69,11
16-05-2012,72.9,37.6,57,11
17-05-2012,73.5,43.9,60,17
18-05-2012,72,36.3,72,13
19-05-2012,52.8,33.5,92,41
20-05-2012,62.4,29.8,94,27
21-05-2012,76.6,32.1,86,13
22-05-2012,80.3,36.3,72,8
23-05-2012,55.3,39.8,89,22
24-05-2012,54.4,36.2,91,24
25-05-2012,49.9,38.2,90,66
26-05-2012,75.1,34.9,93,10
27-05-2012,58.3,42.5,37,10
28-05-2012,65.2,43.1,37,10
29-05-2012,69.9,30.1,60,12
30-05-2012,73.5,34.1,69,13
31-05-2012,64.2,34.9,83,33
1/6/2012,73,38.9,84,21
2/6/2012,80.9,37.6,88,19
3/6/2012,78.8,49.5,65,16
4/6/2012,81.8,40.9,80,12
5/6/2012,74.4,43.3,80,25
6/6/2012,74.7,40.5,87,16
7/6/2012,74.4,51.7,85,31
8/6/2012,83.2,45.5,89,7
9/6/2012,83.6,64,15,7
10/6/2012,68.8,48.9,33,8
11/6/2012,68.4,40.4,67,11
12/6/2012,75.3,33.7,80,9
13-06-2012,82.4,36,71,7
14-06-2012,77.7,39.9,70,16
15-06-2012,78.5,46.8,84,18
16-06-2012,72,41.3,85,27
17-06-2012,83.6,39.6,79,7
18-06-2012,85.3,53.2,48,7
19-06-2012,85.5,61.8,32,7
20-06-2012,66.3,44.9,68,19
21-06-2012,77.9,45.4,58,21
22-06-2012,89,41.5,83,5
23-06-2012,90.8,54.4,40,6
24-06-2012,90.3,58.3,52,9
25-06-2012,90.6,47.9,80,9
26-06-2012,88,53.3,54,13
27-06-2012,86,54.7,82,16
28-06-2012,87.2,46.5,93,15
29-06-2012,86.6,50.2,80,11
30-06-2012,85.1,45.2,80,9
1/7/2012,91.8,46.5,81,6
2/7/2012,86.5,47.4,90,12
3/7/2012,87.6,48.3,93,17
4/7/2012,86.7,52.8,74,11
5/7/2012,83.6,56.6,83,28
6/7/2012,78.6,54.2,93,29
7/7/2012,64.7,53.8,94,69
8/7/2012,65.4,54.7,94,61
9/7/2012,70.6,50.8,94,53
10/7/2012,73,47.4,94,44
11/7/2012,79.2,46.5,94,25
12/7/2012,83.4,47.7,93,15
13-07-2012,81.8,46.4,92,17
14-07-2012,80.3,46.4,91,20
15-07-2012,81.4,52.8,87,23
16-07-2012,79.9,49.8,90,25
17-07-2012,78.1,53.9,85,27
18-07-2012,83.8,46,94,14
19-07-2012,85.5,46.4,92,16
20-07-2012,84,47.6,93,19
21-07-2012,85.9,47.9,90,22
22-07-2012,82.7,48.8,90,26
23-07-2012,82.4,51,95,19
24-07-2012,82.4,47.4,90,25
25-07-2012,79,54.5,89,25
26-07-2012,77.2,46.1,94,33
27-07-2012,80.4,47.4,94,24
28-07-2012,79.2,53.2,80,27
29-07-2012,79.2,51.6,93,28
30-07-2012,77.4,49.8,94,39
31-07-2012,83.9,47.6,93,18
1/8/2012,81,53.9,86,24
2/8/2012,79.1,53.2,70,22
3/8/2012,80.5,57.6,56,15
4/8/2012,70.3,48.5,77,36
5/8/2012,82,41.2,87,17
6/8/2012,87.2,52.3,85,17
7/8/2012,80.7,50.7,91,23
8/8/2012,82.9,42.3,77,15
9/8/2012,83,43.3,73,18
10/8/2012,82.5,54.1,86,22
11/8/2012,81.2,53.6,86,17
12/8/2012,75.4,41.6,80,25
13-08-2012,75.1,42.6,78,24
14-08-2012,82.2,42.3,83,13
15-08-2012,82.8,50.5,76,14
16-08-2012,64.1,46.2,86,54
17-08-2012,82.8,38.9,93,13
18-08-2012,72.7,41.6,89,26
19-08-2012,75.1,35,84,21
20-08-2012,73.5,41.5,79,20
21-08-2012,77.4,38.8,88,20
22-08-2012,79.2,44.6,78,23
23-08-2012,73.8,49.9,93,37
24-08-2012,79.6,45.2,94,19
25-08-2012,73.3,48.5,74,26
26-08-2012,82.6,39.3,86,13
27-08-2012,83.4,43.1,75,17
28-08-2012,85.1,47.9,80,21
29-08-2012,85,47.3,82,16
30-08-2012,84.9,50.7,76,19
31-08-2012,81.6,45.7,84,15
1/9/2012,81.9,46.5,76,18
2/9/2012,79.9,54.7,74,14
3/9/2012,76.6,46.7,75,17
4/9/2012,82.2,38.8,76,10
5/9/2012,82,40.3,52,8
6/9/2012,80.7,35.8,68,11
7/9/2012,60.9,40.3,92,27
8/9/2012,73.5,32.4,93,16
9/9/2012,78.5,33.5,89,11
10/9/2012,81.6,41.2,70,14
11/9/2012,73.2,46.1,92,24
12/9/2012,50.8,45.5,94,83
13-09-2012,66.8,33.8,94,24
14-09-2012,67.9,31.6,92,18
15-09-2012,80.5,31.3,84,9
16-09-2012,77.4,37.6,66,10
17-09-2012,58.6,36.5,89,31
18-09-2012,75.6,30.7,92,12
19-09-2012,72.5,41.3,58,14
20-09-2012,72.8,33.1,81,15
21-09-2012,73.3,32.8,78,18
22-09-2012,73.4,32.5,82,15
23-09-2012,78.9,33.1,80,11
24-09-2012,68.6,46.1,78,26
25-09-2012,63.1,35.2,91,39
26-09-2012,54.2,43.5,92,69
27-09-2012,60.5,35.6,94,44
28-09-2012,64.5,32.5,94,29
29-09-2012,69.8,32.8,94,18
30-09-2012,68.3,39.9,75,20
1/10/2012,63.1,36.8,83,34
2/10/2012,74.9,32.4,93,11
3/10/2012,70.6,32.4,80,12
4/10/2012,35.8,27.6,80,63
5/10/2012,44.2,26.9,91,56
6/10/2012,41.8,24.4,90,27
7/10/2012,47.6,14,86,19
8/10/2012,65.8,32.8,35,8
9/10/2012,52.3,28.1,86,15
10/10/2012,70.3,22.4,90,12
11/10/2012,67.4,33.4,83,19
12/10/2012,67.1,30.9,86,23
13-10-2012,58.3,38.3,81,34
14-10-2012,57.7,35.8,73,28
15-10-2012,65.5,48.3,43,17
16-10-2012,65.8,39.2,86,22
17-10-2012,45,33.5,40,15
18-10-2012,54.4,34.4,31,14
19-10-2012,64.3,45.2,29,11
20-10-2012,67.3,45.2,31,13
21-10-2012,66.4,32.4,61,14
22-10-2012,66.4,26.6,79,15
23-10-2012,62.6,43.9,47,12
24-10-2012,45.7,24.1,92,46
25-10-2012,32.5,19.4,89,71
26-10-2012,34.1,15.6,88,33
27-10-2012,40.9,23.3,64,32
28-10-2012,53.9,33.5,59,32
29-10-2012,59.2,42.7,48,27
30-10-2012,62.7,45.7,38,20
31-10-2012,64,31.3,68,16
1/11/2012,61,25.4,82,13
2/11/2012,58,26.9,71,20
3/11/2012,57.2,20.5,88,12
4/11/2012,54.5,44.1,46,18
5/11/2012,56.6,30,76,26
6/11/2012,61.9,38.5,45,18
7/11/2012,63.2,37.2,41,13
8/11/2012,60.5,23.9,77,19
9/11/2012,60.1,23.5,77,18
10/11/2012,44.1,15.2,84,31
11/11/2012,26.4,11,84,19
12/11/2012,41.2,15.7,36,16
13-11-2012,42.8,24.8,66,16
14-11-2012,50.1,25.4,65,19
15-11-2012,41.3,16.9,87,46
16-11-2012,55.3,14.1,89,11
17-11-2012,51,24.4,73,29
18-11-2012,50.2,23.9,79,27
19-11-2012,50.6,34.9,48,27
20-11-2012,57.2,40.2,38,17
21-11-2012,57.2,44.2,23,12
22-11-2012,52.1,23.5,47,16
23-11-2012,52.3,13.1,67,15
24-11-2012,55.1,40.9,27,14
25-11-2012,53.9,32.8,32,12
26-11-2012,39.6,17.8,89,12
27-11-2012,53.8,34.9,22,7
28-11-2012,52.1,41.6,27,10
29-11-2012,54.8,42.3,39,20
30-11-2012,53.9,38,47,22
1/12/2012,54.1,39.2,46,25
2/12/2012,56.5,33.9,39,12
3/12/2012,46.8,24.5,63,6
4/12/2012,49.6,29.7,35,15
5/12/2012,57.6,36,56,21
6/12/2012,47.7,25.3,78,30
7/12/2012,39.7,22.4,74,35
8/12/2012,33.4,15.2,73,34
9/12/2012,21.3,0.3,69,23
10/12/2012,25.4,11.7,71,28
11/12/2012,32.1,7,79,27
12/12/2012,43.1,27.2,45,24
13-12-2012,45.5,18.1,54,16
14-12-2012,43.8,15.6,60,27
15-12-2012,36.2,22.7,54,34
16-12-2012,31,19.4,51,26
17-12-2012,35.8,25,71,35
18-12-2012,28.8,18.4,87,62
19-12-2012,20.8,6,85,29
20-12-2012,34,13.3,34,20
21-12-2012,44.6,22.7,38,14
22-12-2012,47.2,26.5,25,9
23-12-2012,38.5,30.3,55,10
24-12-2012,34.9,13.1,86,34
25-12-2012,21.1,-1.4,82,66
26-12-2012,36.8,-3.3,83,39
27-12-2012,28.8,1.5,83,30
28-12-2012,23.2,0.7,80,27
29-12-2012,36.8,-0.2,59,19
30-12-2012,37.6,16.7,63,16
31-12-2012,23.5,1.1,81,61
1/1/2013,22.9,0,80,28
2/1/2013,24.8,4.1,52,24
3/1/2013,38.9,-7.7,73,11
4/1/2013,44.8,2,75,22
5/1/2013,41.8,-0.2,74,16
6/1/2013,49.6,-0.8,58,8
7/1/2013,47,27.5,27,7
8/1/2013,36.5,30,46,16
9/1/2013,54.1,24.5,44,12
10/1/2013,47.9,14.8,60,11
11/1/2013,30.7,10,78,25
12/1/2013,16.9,-3.3,75,23
13-01-2013,11.2,-9.8,73,52
14-01-2013,15.5,-13.5,73,26
15-01-2013,31.8,3.4,50,23
16-01-2013,50.1,16.4,74,23
17-01-2013,51.4,6.5,83,16
18-01-2013,44.7,32.9,25,16
19-01-2013,48.6,32.2,24,10
20-01-2013,42.9,18.1,60,13
21-01-2013,43.3,30.6,29,12
22-01-2013,50.9,36.6,14,6
23-01-2013,56.7,42.1,15,6
24-01-2013,50.2,33.5,51,11
25-01-2013,49.9,38.5,52,32
26-01-2013,51.6,30.1,89,24
27-01-2013,47.7,26.6,91,26
28-01-2013,45.1,18.9,85,27
29-01-2013,23.5,5.2,85,26
30-01-2013,28.5,10.4,56,31
31-01-2013,35.2,26.6,63,31
1/2/2013,38,28.5,50,30
2/2/2013,47.1,26.1,41,15
3/2/2013,49.4,24.2,41,7
4/2/2013,44.8,29.7,36,15
5/2/2013,50.4,32.8,45,26
6/2/2013,44.6,26,82,32
7/2/2013,43.1,10.2,81,7
8/2/2013,45.9,6.1,57,12
9/2/2013,34.6,9.9,85,38
10/2/2013,28.2,13.3,74,31
11/2/2013,24.6,3.7,82,47
12/2/2013,37.7,15.1,48,18
13-02-2013,34.8,22.2,43,32
14-02-2013,35.9,11.4,79,27
15-02-2013,31,6.3,81,27
16-02-2013,45.8,27,44,18
17-02-2013,49.1,23.5,42,11
18-02-2013,29.8,12.3,47,20
19-02-2013,44.1,9.2,53,7
20-02-2013,38.8,10.7,86,27
21-02-2013,24.1,6.7,84,70
22-02-2013,30.3,6.3,86,27
23-02-2013,37,19.2,85,33
24-02-2013,22.7,1.8,86,51
25-02-2013,38,-6.8,81,22
26-02-2013,31,16.4,83,33
27-02-2013,30.6,11.7,52,17
28-02-2013,34.3,11.9,47,23
1/3/2013,43.6,24.2,47,25
2/3/2013,49.6,34.7,51,27
3/3/2013,50.8,32.2,86,24
4/3/2013,35.8,18.9,90,31
5/3/2013,48,18.3,51,10
6/3/2013,53.9,18,46,13
7/3/2013,56.4,24.4,65,11
8/3/2013,48.3,19.5,88,26
9/3/2013,29,20.3,90,46
10/3/2013,45.4,11.6,63,21
11/3/2013,43.2,23,88,27
12/3/2013,44.5,20.3,88,32
13-03-2013,56.1,37.9,46,17
14-03-2013,59.5,41.5,33,14
15-03-2013,63.4,47,41,15
16-03-2013,50.8,31.2,72,27
17-03-2013,45.3,22.6,87,23
18-03-2013,36.5,20.5,64,22
19-03-2013,41.3,17.3,68,6
20-03-2013,51.6,9.3,77,15
21-03-2013,45.8,27,74,17
22-03-2013,38.6,17.5,87,18
23-03-2013,17.5,-0.6,85,75
24-03-2013,22.9,-7.7,80,30
25-03-2013,29.7,-1.7,78,25
26-03-2013,46.2,5.4,77,32
27-03-2013,49.9,26.1,86,25
28-03-2013,56.1,21,88,20
29-03-2013,55.6,25.7,86,20
30-03-2013,54.8,30.7,82,21
31-03-2013,58.9,22.1,89,7
1/4/2013,49.4,20.8,91,40
2/4/2013,36.9,29.7,92,86
3/4/2013,57.6,19.2,92,19
4/4/2013,58.7,36.3,62,21
5/4/2013,58.6,35.3,79,22
6/4/2013,55.1,36.5,63,21
7/4/2013,50,32.8,88,29
8/4/2013,55.6,27,92,25
9/4/2013,26.9,6,90,70
10/4/2013,29.4,-2.2,80,34
11/4/2013,48.6,28.7,69,31
12/4/2013,49.1,25.6,86,20
13-04-2013,54.1,22.2,90,20
14-04-2013,34.5,25.3,90,22
15-04-2013,28.5,16.2,88,45
16-04-2013,26.6,15.7,88,83
17-04-2013,24.4,7.6,88,80
18-04-2013,26.9,-4.6,81,33
19-04-2013,38.8,22.4,54,39
20-04-2013,42.8,29.3,83,39
21-04-2013,46.2,28.1,84,33
22-04-2013,43.2,15.4,90,41
23-04-2013,29,12.4,84,46
24-04-2013,43,17.7,66,22
25-04-2013,58.4,23.2,71,15
26-04-2013,57,25.1,78,17
27-04-2013,62.9,26.7,73,14
28-04-2013,66.8,38,56,15
29-04-2013,68.4,39.1,68,14
30-04-2013,57.3,32.6,93,21
6/5/2013,57.5,30.4,92,33
7/5/2013,62,33.4,82,24
8/5/2013,57.8,32.1,88,32
9/5/2013,47.3,33.1,93,62
10/5/2013,61.8,29.4,92,23
11/5/2013,61.2,30.7,89,23
12/5/2013,70.8,41.2,69,17
13-05-2013,75.8,46.8,58,16
14-05-2013,73.5,43.2,70,19
15-05-2013,72.5,43.2,80,21
16-05-2013,69.6,42.8,84,16
17-05-2013,74,37.6,77,12
18-05-2013,63.2,38.5,82,19
19-05-2013,57.9,43.8,51,25
20-05-2013,56,40.5,79,32
21-05-2013,60.7,36.5,60,22
22-05-2013,64.8,32.5,88,21
23-05-2013,57.8,43.3,91,61
24-05-2013,73.6,36.6,91,12
25-05-2013,75.4,35.2,81,8
26-05-2013,74.4,42.9,48,10
27-05-2013,70.8,43.1,57,12
28-05-2013,68.1,33.7,72,15
29-05-2013,57.6,39.9,88,28
30-05-2013,55.9,42.4,56,21
31-05-2013,58.9,40.2,47,18
1/6/2013,58.9,43.3,64,23
2/6/2013,74.1,28.5,86,16
3/6/2013,76.3,36.5,65,13
4/6/2013,66.5,34.2,75,16
5/6/2013,59,39.9,91,47
6/6/2013,68.6,33.4,92,25
7/6/2013,71.7,36.9,88,22
8/6/2013,73.2,45.7,67,16
9/6/2013,83.6,35.6,87,13
10/6/2013,85.6,48,52,11
11/6/2013,82.2,44.6,56,8
12/6/2013,82.6,46.1,61,9
13-06-2013,84.1,46.5,83,11
14-06-2013,82.4,44.6,71,8
15-06-2013,74.8,41.5,85,28
16-06-2013,75.4,42.1,85,13
17-06-2013,70.8,39.9,85,28
18-06-2013,77,40.8,92,17
19-06-2013,82.6,41.2,91,6
20-06-2013,77.6,40.6,50,13
21-06-2013,83.6,40.5,72,7
22-06-2013,77.9,41.5,78,10
23-06-2013,73.2,37.5,65,27
24-06-2013,79.4,40.5,86,8
25-06-2013,78,54.1,45,17
26-06-2013,86.3,40.9,79,13
27-06-2013,89.3,48.2,59,9
28-06-2013,88.4,48.2,73,11
29-06-2013,78.1,47.4,86,26
30-06-2013,69.9,52.2,86,51
25-07-2013,74.6,53.3,89,31
26-07-2013,76,50.5,78,28
27-07-2013,78.1,42.8,92,22
28-07-2013,72.1,52.9,94,41
29-07-2013,71.4,51.2,91,35
30-07-2013,80.7,48.6,93,23
31-07-2013,77.4,48,79,22
1/8/2013,75.6,45.4,90,26
2/8/2013,82.4,63.9,44,21
3/8/2013,78,54.2,80,22
4/8/2013,72.1,47.7,90,36
5/8/2013,73.7,52.6,66,32
6/8/2013,79.8,52.2,54,16
7/8/2013,69.6,46,81,32
8/8/2013,71.6,40.3,87,38
9/8/2013,68.3,41.1,91,33
10/8/2013,74.9,40.2,94,23
11/8/2013,68.9,48.3,91,23
12/8/2013,64.7,41.2,92,52
13-08-2013,60.5,41.6,93,50
14-08-2013,72.8,39.3,92,27
15-08-2013,80,39.4,83,15
16-08-2013,77.4,41.1,85,20
17-08-2013,76.1,43.3,79,16
18-08-2013,83.9,49.8,53,14
19-08-2013,86.1,47.6,69,12
20-08-2013,86.7,46,73,12
21-08-2013,78.9,55,64,23
22-08-2013,75.8,48.5,92,37
23-08-2013,80.9,51.3,92,25
24-08-2013,76.8,45.4,94,22
25-08-2013,78.3,45.8,92,27
26-08-2013,82.2,49.2,91,27
27-08-2013,79.9,49.4,94,29
28-08-2013,82.5,48.8,94,27
29-08-2013,84,46.4,84,22
30-08-2013,82,46.2,93,26
31-08-2013,84.1,49.5,83,22
16-09-2013,69.5,45.1,95,36
17-09-2013,75.1,43.2,92,17
18-09-2013,67.4,46.8,90,34
19-09-2013,57.5,38.6,91,46
20-09-2013,65.6,31.9,94,30
21-09-2013,73.3,37.2,91,17
22-09-2013,63.4,41.3,94,40
23-09-2013,55.6,43.6,93,33
24-09-2013,67.9,43.9,58,10
25-09-2013,72.8,48.2,44,13
26-09-2013,64,38.3,89,41
27-09-2013,46.8,35.8,93,41
28-09-2013,55.7,35.6,51,28
29-09-2013,64.2,45.1,40,19
1/10/2013,66.3,38.9,87,31
2/10/2013,68.9,32.2,91,16
3/10/2013,63.1,34,93,24
4/10/2013,42.7,28.7,93,36
5/10/2013,48.5,29.8,47,15
6/10/2013,65.3,34.4,64,16
7/10/2013,70.6,40.9,43,10
8/10/2013,69.4,38.5,65,13
9/10/2013,61.3,36.3,82,30
10/10/2013,51.9,34.9,90,45
11/10/2013,48.9,33.1,63,37
12/10/2013,53.5,27.8,91,28
13-10-2013,59.3,24.8,91,29
14-10-2013,50.3,32.5,90,38
15-10-2013,38.8,26.6,89,60
16-10-2013,46.7,18.6,88,23
17-10-2013,45.7,29.4,89,29
18-10-2013,39.9,19.2,90,31
19-10-2013,53.3,34.3,44,22
20-10-2013,45.2,24.4,91,31
21-10-2013,49.5,18.3,90,30
22-10-2013,60.4,41.9,43,24
23-10-2013,62.2,28.8,81,18
24-10-2013,61.3,21.9,90,22
25-10-2013,63.4,23,86,17
26-10-2013,58,23.5,84,27
27-10-2013,58.7,33.8,60,20
28-10-2013,34.7,26.1,91,59
29-10-2013,53.6,24.4,91,26
30-10-2013,42.6,29.4,93,35
31-10-2013,40.6,31.8,60,33
1/11/2013,42.9,32.9,70,27
2/11/2013,56.6,37,38,7
3/11/2013,54.1,29.4,69,7
4/11/2013,34.6,23.2,70,34
5/11/2013,33.4,20.3,84,20
6/11/2013,38,23.2,54,31
7/11/2013,53.3,33.1,49,23
8/11/2013,56.9,38.2,39,19
9/11/2013,56.5,28.8,73,22
10/11/2013,59.5,28.7,74,16
11/11/2013,59.9,27.6,87,15
12/11/2013,55.6,22.2,88,15
13-11-2013,56.9,42.1,35,12
14-11-2013,51,32.5,57,18
15-11-2013,49.8,31.9,84,18
16-11-2013,41.6,25.8,86,32
17-11-2013,41.3,25.7,84,29
18-11-2013,54.7,22.2,58,14
19-11-2013,49.8,24.4,69,16
20-11-2013,48.5,31.8,76,28
21-11-2013,31.5,6.3,86,69
22-11-2013,29.8,7.4,88,74
23-11-2013,31.3,11.4,86,64
24-11-2013,39.8,10.7,90,22
25-11-2013,39.6,16.9,83,35
26-11-2013,45.8,14.3,84,26
27-11-2013,51.4,24,70,21
28-11-2013,50.5,17.2,82,27
29-11-2013,47.7,24.5,77,26
30-11-2013,45.5,34,45,24
1/12/2013,44.9,28.5,59,28
2/12/2013,40.8,34.4,64,44
3/12/2013,38,5.2,83,43
4/12/2013,6.5,-10.5,78,68
5/12/2013,10.7,-12.8,75,67
6/12/2013,8.1,-13,74,68
7/12/2013,17.5,-7.7,75,66
8/12/2013,18.8,-7.7,81,33
9/12/2013,17.2,-7.7,75,26
10/12/2013,25.6,13.5,54,38
11/12/2013,35.9,10.5,73,17
12/12/2013,49.9,34.1,23,12
13-12-2013,41.5,25.7,45,15
14-12-2013,36.9,17.5,56,25
15-12-2013,43.6,28.8,50,24
16-12-2013,47.4,36.2,38,20
17-12-2013,51.4,38.8,28,17
18-12-2013,53.2,41.8,28,15
19-12-2013,48.8,15.2,86,21
20-12-2013,37.7,11.2,88,30
21-12-2013,27.5,1.6,85,29
22-12-2013,27.6,6.3,83,34
23-12-2013,35.7,11.2,83,34
24-12-2013,37.3,18.4,85,34
25-12-2013,37.6,20.6,45,22
26-12-2013,43.2,27.3,45,18
27-12-2013,52.5,23.2,72,24
28-12-2013,44.6,17.8,85,24
29-12-2013,31.6,8.6,85,25
30-12-2013,35.9,24.8,52,28
31-12-2013,40.7,31.5,58,34
1/1/2014,34.6,15.9,88,33
2/1/2014,44.6,18,70,19
3/1/2014,45.8,31.9,64,20
4/1/2014,31.9,-5.4,87,64
5/1/2014,13.4,-5.2,78,56
6/1/2014,55.4,5.6,90,30
7/1/2014,41.7,25.6,67,20
8/1/2014,36.3,13.6,78,35
9/1/2014,34.1,22.2,84,36
10/1/2014,30.9,18.4,64,36
11/1/2014,45.4,30.7,52,35
12/1/2014,39.9,21.1,87,35
13-01-2014,32.4,21.1,50,37
14-01-2014,35.5,28.4,48,28
15-01-2014,41.6,30.3,49,22
16-01-2014,40.6,28.8,42,18
17-01-2014,43.2,28.4,45,24
18-01-2014,47.6,31.6,32,13
19-01-2014,47.9,37.3,28,20
20-01-2014,44.8,32.9,29,12
21-01-2014,49.4,19.9,75,5
22-01-2014,19.9,17.3,83,75
23-01-2014,30.1,1.5,83,15
24-01-2014,46.9,29.4,28,11
25-01-2014,51.1,36.8,34,19
26-01-2014,46.8,10.3,80,20
27-01-2014,12.4,-2,80,74
28-01-2014,29.1,-9.3,76,20
29-01-2014,37.5,25.6,74,22
30-01-2014,34.9,20.3,89,57
31-01-2014,27.5,6.3,87,79
1/2/2014,22.3,-0.2,87,71
2/2/2014,29.7,-2.6,81,27
3/2/2014,28.8,14.3,81,31
4/2/2014,15.2,-12,80,65
5/2/2014,7.2,-22.5,71,60
6/2/2014,24.4,-6.5,73,44
7/2/2014,32.8,18,78,39
8/2/2014,37.3,20.3,88,42
9/2/2014,40.5,17,89,49
10/2/2014,40.5,14,86,31
11/2/2014,35.8,13.6,85,31
12/2/2014,38.1,26.9,72,35
13-02-2014,44.9,32.8,76,36
14-02-2014,43.2,30,61,14
15-02-2014,49.4,39.5,67,26
16-02-2014,49.3,24.5,90,24
17-02-2014,44.3,22.4,51,17
18-02-2014,46.1,29,54,15
19-02-2014,46.4,22.2,87,19
20-02-2014,24.4,16.2,50,27
21-02-2014,32.4,20.5,61,27
22-02-2014,34,19.5,81,31
23-02-2014,44.2,19.4,84,24
24-02-2014,40.5,37.2,28,19
25-02-2014,40.5,1.4,77,23
26-02-2014,46.8,-0.8,82,12
27-02-2014,50.4,27.8,60,24
28-02-2014,42.6,30.3,67,31
1/3/2014,43.2,9.3,87,50
2/3/2014,40.6,22.7,82,34
3/3/2014,48.1,25.1,75,25
4/3/2014,50.5,26.7,91,25
5/3/2014,46.4,17.3,91,23
6/3/2014,55.7,38.3,39,16
7/3/2014,41.3,22.9,91,39
8/3/2014,45.4,17,90,27
9/3/2014,55.9,38,28,9
10/3/2014,58.7,42.2,25,9
11/3/2014,48.6,14.8,77,18
12/3/2014,50.5,5,77,9
13-03-2014,50.1,24.4,47,14
14-03-2014,51.9,22,48,13
15-03-2014,41.1,25.8,79,23
16-03-2014,53.5,28.8,43,16
17-03-2014,52,25.3,79,17
18-03-2014,34.3,21.6,69,25
19-03-2014,44.2,14,76,18
20-03-2014,52,32.8,27,12
21-03-2014,41.8,25.6,73,15
22-03-2014,25.6,10.4,85,69
23-03-2014,46.7,2.8,87,16
24-03-2014,45.8,19.7,83,19
25-03-2014,57.6,19.4,87,11
26-03-2014,53,27.5,81,18
27-03-2014,45.7,26,90,16
28-03-2014,41.1,25.6,84,25
29-03-2014,51.1,33.1,35,18
30-03-2014,56.6,33.1,86,16
31-03-2014,42.9,27,69,19
1/4/2014,44.1,23.2,87,32
2/4/2014,45.9,23.3,86,24
3/4/2014,39.9,23.2,89,26
4/4/2014,45.9,16.7,78,22
5/4/2014,48,26,87,23
6/4/2014,45.7,21.1,88,17
7/4/2014,45.8,24.4,87,23
8/4/2014,59.5,38.3,51,16
9/4/2014,65.5,46.1,36,14
10/4/2014,60.5,39.8,60,17
11/4/2014,65.8,27.2,76,11
12/4/2014,62.6,40.5,76,13
13-04-2014,40.3,12.6,91,76
14-04-2014,35.3,2.8,81,26
15-04-2014,50.8,30,38,20
16-04-2014,49.6,31.5,84,14
21-04-2014,57,37,73,20
22-04-2014,66.6,30.9,85,20
23-04-2014,55.7,35.9,68,24
24-04-2014,57.8,30.9,32,16
25-04-2014,60.6,39.2,50,14
26-04-2014,64.6,32.7,60,14
27-04-2014,43,35.5,50,36
28-04-2014,43.2,31.2,48,17
29-04-2014,41.6,29.5,75,27
30-04-2014,46.5,27.9,54,22
1/5/2014,55.9,26.3,47,11
2/5/2014,66.2,35.5,44,17
3/5/2014,71.5,44.1,42,9
4/5/2014,72.8,41.5,38,7
5/5/2014,68.3,40.5,38,8
6/5/2014,67.1,38.4,59,11
7/5/2014,53.6,34.7,88,21
8/5/2014,49.2,31.5,92,35
9/5/2014,54.5,32.8,87,30
10/5/2014,52.8,34.6,88,34
11/5/2014,40.6,25.8,93,85
12/5/2014,32.2,18.8,89,57
13-05-2014,42.1,12.9,83,31
14-05-2014,50.9,29.4,72,21
15-05-2014,52.8,26.4,86,33
16-05-2014,58.3,34,90,22
17-05-2014,62.5,36.9,94,26
18-05-2014,72.7,33.8,92,13
19-05-2014,71.5,34.7,68,11
20-05-2014,62.8,44.2,81,45
21-05-2014,61.5,40.9,89,48
22-05-2014,68.6,39.8,89,22
23-05-2014,64,37,92,37
24-05-2014,61.6,39.9,94,54
25-05-2014,58.7,37.3,93,47
28-05-2014,58.6,17,72,46
29-05-2014,77,13.3,80,19
30-05-2014,64.2,25.2,92,46
31-05-2014,73.2,42.3,93,22
1/6/2014,75.1,43.6,87,13
2/6/2014,76,45.4,86,12
3/6/2014,76.8,40.6,76,11
4/6/2014,71.9,37,62,17
5/6/2014,68.1,37.8,85,22
6/6/2014,72.1,36.9,92,17
7/6/2014,61,41.3,92,48
8/6/2014,56.9,37.8,93,48
9/6/2014,62.6,33.8,76,17
10/6/2014,76.5,37,78,11
11/6/2014,74.4,45.4,89,18
12/6/2014,65.3,45.5,94,57
13-06-2014,77.4,38.9,93,10
14-06-2014,69.9,38.3,76,15
15-06-2014,68.8,34.3,80,15
16-06-2014,75.6,35.6,72,12
17-06-2014,74.6,36.5,68,15
18-06-2014,67.8,43.6,84,20
19-06-2014,72.3,40.8,89,12
20-06-2014,78.3,35.2,77,9
21-06-2014,75.4,39.8,71,17
22-06-2014,72.8,45.4,77,17
23-06-2014,68.6,39.1,91,35
24-06-2014,69.8,47.4,92,41
25-06-2014,80.2,46,88,13
26-06-2014,84.4,42.2,91,11
27-06-2014,73.3,51.4,60,21
28-06-2014,74,50.2,69,15
29-06-2014,83.9,38.9,68,12
30-06-2014,83.2,45.1,64,11
1/7/2014,67.8,38.3,77,33
2/7/2014,71.6,49.6,76,36
3/7/2014,81.1,41.8,90,17
4/7/2014,80.9,47.3,87,18
5/7/2014,82.2,45.4,92,16
6/7/2014,86.7,46.8,67,13
7/7/2014,91.6,45.5,90,9
8/7/2014,74.9,53.9,87,43
9/7/2014,84,45.7,90,15
10/7/2014,83.4,59.7,80,17
11/7/2014,78,57.2,89,28
12/7/2014,70.3,52.3,91,51
13-07-2014,75.6,45.1,94,44
14-07-2014,71.9,47.4,95,36
15-07-2014,71.1,47.6,93,49
16-07-2014,68.4,49.6,94,51
17-07-2014,67.1,43.3,95,57
18-07-2014,78.1,44.1,94,21
19-07-2014,84.3,43.9,83,12
20-07-2014,87.4,44.9,74,15
21-07-2014,86.1,52.6,65,17
22-07-2014,82.8,46.1,73,12
23-07-2014,81.2,48.6,87,33
24-07-2014,81.8,55.4,64,24
25-07-2014,84.3,59.9,85,20
26-07-2014,79.8,53.8,79,27
27-07-2014,71.8,44.6,91,54
28-07-2014,75.1,47.6,95,36
29-07-2014,71.6,50,93,48
30-07-2014,91.6,38.3,95,9
31-07-2014,68.3,45.2,92,44
1/8/2014,67.9,46.4,82,40
2/8/2014,74.2,39.2,91,20
3/8/2014,77.2,42.9,89,25
4/8/2014,74.4,45.7,86,31
5/8/2014,73,49.2,89,34
6/8/2014,78.1,49.4,85,15
7/8/2014,76.5,46.1,88,28
8/8/2014,74.2,39.6,91,22
9/8/2014,79.6,42.5,89,20
10/8/2014,66.8,43.6,91,50
11/8/2014,74.4,40.1,94,27
12/8/2014,79.4,40.9,88,19
13-08-2014,80.9,47.9,81,26
14-08-2014,74.2,53.8,81,36
15-08-2014,77.1,49.9,76,27
16-08-2014,83.4,51.4,57,14
17-08-2014,84.5,42.9,74,10
18-08-2014,79.9,42.1,76,13
19-08-2014,77.7,43.2,86,20
20-08-2014,77,53.2,72,24
21-08-2014,77.6,53.9,60,22
22-08-2014,67.2,50.7,91,44
23-08-2014,68.1,48.2,93,32
24-08-2014,70.6,49.5,62,20
25-08-2014,70.9,45.5,90,36
26-08-2014,73.9,42.1,93,26
27-08-2014,70.3,49.2,92,28
28-08-2014,67.1,51.6,67,34
29-08-2014,73,45.7,82,25
30-08-2014,77.2,39.9,90,21
31-08-2014,71.1,44.2,92,27
1/9/2014,71.3,36,92,19
2/9/2014,82.6,33.4,84,13
3/9/2014,82.7,39.6,78,11
4/9/2014,70.4,48.6,91,27
5/9/2014,54.7,45.1,92,70
6/9/2014,67.3,37.5,95,42
7/9/2014,77.2,37.9,93,15
8/9/2014,72.8,42.3,82,27
9/9/2014,68.6,49.8,92,40
10/9/2014,68.4,46.2,94,23
11/9/2014,54.7,30.9,92,55
12/9/2014,48.3,26.9,90,45
13-09-2014,74.1,25.7,89,13
14-09-2014,78.1,32.7,91,15
15-09-2014,69.9,36.3,87,35
16-09-2014,80.7,36.5,87,14
17-09-2014,80.1,38.5,77,14
20-09-2014,75.1,53.9,67,25
21-09-2014,68.6,46.2,83,41
22-09-2014,67.8,44.1,91,32
23-09-2014,73.2,45.1,91,28
24-09-2014,74.6,42.6,78,21
25-09-2014,79.1,37.6,89,21
26-09-2014,82.2,40.1,85,17
27-09-2014,77.6,39.8,82,21
28-09-2014,64.2,37.2,93,50
29-09-2014,56.2,41.6,94,56
30-09-2014,55.6,43.6,64,37
1/10/2014,54.4,38.1,89,38
2/10/2014,53.5,36.6,80,27
3/10/2014,58.7,26.6,86,15
4/10/2014,68.3,47.3,33,15
5/10/2014,66.9,45.8,46,17
6/10/2014,64.5,56.7,28,22
7/10/2014,70.4,38.6,62,18
8/10/2014,71.6,34.9,74,15
9/10/2014,53.1,38.3,92,54
10/10/2014,53.1,36.5,94,57
11/10/2014,65,34.4,93,23
12/10/2014,54.2,34.6,76,31
13-10-2014,52.5,27.8,70,23
14-10-2014,70.9,32.4,70,11
15-10-2014,75.1,26.9,76,7
16-10-2014,67.8,36.5,76,17
17-10-2014,59.6,27,91,28
18-10-2014,66.6,26.1,91,19
19-10-2014,66.7,29.3,82,23
20-10-2014,71.5,28.2,89,20
21-10-2014,66.9,33.1,83,24
22-10-2014,58.3,40.8,67,29
23-10-2014,64.7,44.6,52,23
24-10-2014,70.8,34.7,50,12
25-10-2014,72.7,34.3,50,6
26-10-2014,66.6,41.8,81,16
27-10-2014,42,33.4,86,23
28-10-2014,52.2,33.1,34,12
29-10-2014,58.7,38.6,28,17
30-10-2014,54.4,27.8,76,27
31-10-2014,56.6,21.3,89,30
1/11/2014,64.3,27.9,78,20
2/11/2014,58.6,29.3,86,22
3/11/2014,38.5,25.7,91,47
4/11/2014,52.3,22.2,62,14
5/11/2014,58.6,25.6,74,17
6/11/2014,65.3,21.5,82,14
7/11/2014,61.2,32.5,90,15
8/11/2014,60.2,25.1,94,8
9/11/2014,63.8,47.7,26,16
10/11/2014,50.1,6.3,89,23
11/11/2014,10.2,-2.8,78,65
12/11/2014,-0.2,-19.6,72,64
13-11-2014,27,-22.5,86,62
14-11-2014,39.5,27.6,72,38
15-11-2014,34.4,-2.9,84,53
16-11-2014,28.4,-10.5,76,23
17-11-2014,33.1,17,37,16
18-11-2014,39.5,22.5,42,22
19-11-2014,42.6,31,30,18
20-11-2014,48.8,35.9,41,16
21-11-2014,45.2,26.6,54,26
22-11-2014,48.5,34.1,73,25
23-11-2014,35.9,20.8,68,26
24-11-2014,31.5,18.9,75,27
25-11-2014,38,21,76,32
26-11-2014,47.6,31.2,68,35
27-11-2014,52.8,40.5,39,19
28-11-2014,56.3,44.3,23,14
29-11-2014,53.9,41.3,23,13
30-11-2014,47.9,14,83,21
1/12/2014,44.1,12.8,84,34
2/12/2014,48.4,27.8,49,19
3/12/2014,49.3,24.2,67,38
4/12/2014,48.6,38.2,55,34
5/12/2014,48.8,22.4,73,24
6/12/2014,51.8,21.4,78,20
7/12/2014,48.3,38,43,24
8/12/2014,55.3,21.6,53,10
9/12/2014,57.6,20.3,49,8
10/12/2014,57.6,22.1,61,16
11/12/2014,56.2,16.5,75,9
12/12/2014,65.6,24.7,56,9
13-12-2014,53.2,21.3,64,18
14-12-2014,32.5,19.7,90,47
15-12-2014,32.8,19.5,50,31
16-12-2014,43.3,11.7,63,31
17-12-2014,39.2,18.8,86,39
18-12-2014,38.2,12.8,86,33
19-12-2014,35.8,25.6,45,28
20-12-2014,42.3,27,61,30
21-12-2014,39.6,27.3,90,44
22-12-2014,30.8,16.7,87,41
23-12-2014,26.7,7.6,60,28
24-12-2014,40.8,7.6,54,24
25-12-2014,37.3,12.1,88,40
26-12-2014,15.1,-0.5,82,75
27-12-2014,20.5,-11,80,32
28-12-2014,24.4,13.7,68,26
29-12-2014,13.6,-3.9,79,65
30-12-2014,0,-20.6,71,62
31-12-2014,26.2,-21.1,76,32
1/1/2015,31.3,-9,78,31
2/1/2015,36.2,8.8,80,34
3/1/2015,34.4,7.9,79,43
4/1/2015,33.1,12.3,77,36
5/1/2015,46.8,32.2,71,39
6/1/2015,49.5,40.3,58,37
7/1/2015,46.7,11.2,87,20
8/1/2015,53.3,16.5,89,21
9/1/2015,40.6,15.4,87,28
10/1/2015,43.5,34,52,38
11/1/2015,39.3,26.1,90,47
12/1/2015,36.5,13.8,90,61
13-01-2015,36,13.5,88,59
14-01-2015,47.3,9,89,20
15-01-2015,52.6,19.7,56,12
16-01-2015,50.2,36.5,41,12
17-01-2015,43.3,29.1,74,7
18-01-2015,49.7,37.5,44,8
19-01-2015,42.5,28.3,89,35
20-01-2015,34.3,21.8,79,26
21-01-2015,21.8,2.8,83,66
22-01-2015,37.5,-11.7,78,19
23-01-2015,43.2,16.2,73,27
24-01-2015,43.5,27.5,47,17
25-01-2015,47.4,35.5,48,29
26-01-2015,64.7,27.9,62,15
27-01-2015,64.2,25.7,66,12
28-01-2015,45.6,32.7,71,28
29-01-2015,42.6,23.9,84,44
30-01-2015,43.1,23.5,87,40
31-01-2015,43.2,23.2,90,37
1/2/2015,32.7,12.6,89,21
2/2/2015,41.1,29.1,61,30
3/2/2015,46.3,33.5,73,29
4/2/2015,38.1,19.1,90,46
5/2/2015,52.5,35.8,46,16
6/2/2015,56.1,43.2,22,13
7/2/2015,57,43.3,35,12
8/2/2015,54.8,34.9,41,12
9/2/2015,55.9,28.1,57,23
10/2/2015,48.5,23.8,90,23
11/2/2015,44.2,20.2,85,41
12/2/2015,51.6,18.8,86,15
13-02-2015,58.3,30.3,51,15
14-02-2015,60.5,26.9,45,10
15-02-2015,47.3,19.4,87,25
16-02-2015,23.2,3,86,64
17-02-2015,30.1,0.9,79,26
18-02-2015,45.8,20.6,51,24
19-02-2015,52,38.3,36,19
20-02-2015,43.2,23.8,84,27
21-02-2015,26.6,5.8,87,75
22-02-2015,6.5,0.5,79,72
23-02-2015,31.1,-3.3,82,54
24-02-2015,41.8,-1.2,80,31
25-02-2015,36.6,12.8,80,33
26-02-2015,17.3,2.4,82,63
27-02-2015,22.2,-7.9,79,56
28-02-2015,26.3,-2,81,45
1/3/2015,27,9.3,83,61
2/3/2015,48.9,17,87,31
3/3/2015,31.7,9.2,81,55
4/3/2015,17.2,0.1,80,23
5/3/2015,37.5,15.9,42,24
6/3/2015,46.5,26,51,20
7/3/2015,48.5,17.7,69,26
8/3/2015,43.9,19.1,81,35
9/3/2015,51.3,15.4,85,20
10/3/2015,54.9,25.8,68,17
11/3/2015,56.7,19.9,78,10
12/3/2015,55.9,36.6,68,15
13-03-2015,48.9,30.4,90,33
14-03-2015,58.9,18.9,87,15
15-03-2015,71.1,38.8,56,14
16-03-2015,69.4,35.2,70,10
17-03-2015,52.8,32.8,90,49
18-03-2015,55.6,32.1,88,28
19-03-2015,41.9,23.3,90,67
20-03-2015,59.5,14.3,89,14
21-03-2015,63.4,21.4,78,9
22-03-2015,63.2,29.3,65,10
23-03-2015,56.2,27,87,18
24-03-2015,45.5,30.6,86,20
25-03-2015,39.1,24.2,88,31
26-03-2015,51.7,30,47,26
27-03-2015,62.1,37.9,59,22
28-03-2015,65.5,35.6,65,13
29-03-2015,57.6,30.3,63,14
30-03-2015,64.3,28.8,66,9
31-03-2015,68.3,24.5,63,10
1/4/2015,59.2,35.2,56,19
2/4/2015,35.2,21.3,90,56
3/4/2015,37.9,16.2,88,32
4/4/2015,55.1,14.6,86,9
5/4/2015,60.8,23.9,62,8
6/4/2015,62.7,41.1,21,6
7/4/2015,56.6,32.5,78,10
8/4/2015,48.9,34.4,86,25
9/4/2015,48,27.2,69,27
10/4/2015,54.6,19.2,86,16
11/4/2015,60.2,21.1,84,11
12/4/2015,55.2,30.9,47,10
13-04-2015,59.2,24.4,65,14
14-04-2015,66,23.8,74,8
15-04-2015,49.6,30.7,84,30
16-04-2015,33,29.1,94,74
17-04-2015,41.8,30.3,96,73
18-04-2015,44,23.2,91,48
19-04-2015,48.5,26.1,92,28
20-04-2015,47.2,24.2,86,27
21-04-2015,58.5,23.9,89,21
22-04-2015,60.4,25.3,89,18
23-04-2015,61,38.3,79,14
24-04-2015,54.5,35.8,84,29
25-04-2015,56,38.2,88,26
26-04-2015,41.1,34.4,92,81
27-04-2015,42.7,32.8,92,69
28-04-2015,52,33.1,88,55
29-04-2015,69.8,27.3,92,14
30-04-2015,69.6,36.3,88,13
15-05-2015,49.1,41.5,64,41
16-05-2015,54.4,29,82,27
17-05-2015,59.5,35,83,24
18-05-2015,45.4,37.8,91,69
19-05-2015,40.5,32.5,93,87
20-05-2015,45.7,30.4,93,70
21-05-2015,55.1,34.4,93,56
22-05-2015,51.3,40.3,92,67
23-05-2015,52.8,36.2,92,55
24-05-2015,53.5,28.4,93,35
25-05-2015,61,31.3,92,24
26-05-2015,60.6,33.8,96,32
27-05-2015,66.4,39.3,80,27
28-05-2015,64.5,41.5,75,27
29-05-2015,55.4,41.1,89,35
30-05-2015,63.2,34.9,91,38
31-05-2015,78.8,41.2,89,15
1/6/2015,77.2,42.3,80,20
2/6/2015,76.1,39.1,86,12
3/6/2015,69,38.5,89,30
4/6/2015,75.4,42.2,92,11
5/6/2015,63.2,40.6,89,53
6/6/2015,68.4,39.5,91,30
7/6/2015,67.6,41.1,86,24
8/6/2015,72.7,37.3,93,26
9/6/2015,79.6,40.8,89,13
10/6/2015,65.8,49.4,88,45
11/6/2015,64.7,47.4,92,48
12/6/2015,66.9,47.4,94,49
13-06-2015,78.3,41.2,94,21
14-06-2015,72.7,42.8,90,20
15-06-2015,64.2,43.6,93,58
16-06-2015,73,45.8,92,36
17-06-2015,76.8,42.6,93,26
18-06-2015,73.2,41.8,92,41
19-06-2015,84.7,44.6,92,12
20-06-2015,79.2,48.2,76,25
21-06-2015,86.1,44.3,85,10
22-06-2015,77.6,54.7,73,14
23-06-2015,85.5,43.3,92,12
24-06-2015,81.6,48.6,79,16
25-06-2015,78.8,50.4,80,22
26-06-2015,70.9,53.5,91,49
27-06-2015,79.4,42.6,92,23
28-06-2015,80.9,45.4,89,20
29-06-2015,76.5,46.2,90,33
30-06-2015,84.9,45.5,89,16
1/7/2015,77.2,51.4,88,34
2/7/2015,72.5,49.2,93,46
3/7/2015,72.8,45.2,94,45
4/7/2015,83,46.7,92,19
5/7/2015,79.3,48.3,92,28
6/7/2015,56.9,52,93,84
7/7/2015,59.3,50.4,93,72
8/7/2015,59.3,48.3,95,70
9/7/2015,69.3,46.7,95,38
10/7/2015,73.2,47.9,91,22
11/7/2015,76.8,46.4,81,4
12/7/2015,81.1,49.6,73,15
13-07-2015,77.7,53.8,88,27
14-07-2015,76.1,50.8,91,33
15-07-2015,74.2,22.6,95,28
16-07-2015,74.9,50.5,64,27
17-07-2015,78.3,53.2,61,16
18-07-2015,76.3,44.5,85,26
19-07-2015,70.8,44.2,89,38
20-07-2015,73.2,41.1,88,27
21-07-2015,68.4,51.1,90,40
22-07-2015,78.1,48.8,88,24
23-07-2015,80.6,42.6,87,16
24-07-2015,78.5,47,68,20
25-07-2015,80.9,62.7,41,16
26-07-2015,82,45.1,77,9
27-07-2015,83.6,47.4,84,16
28-07-2015,79.4,57.3,40,15
29-07-2015,75.8,41.1,77,28
30-07-2015,82,42.8,83,11
31-07-2015,78.5,46.8,83,27
1/8/2015,85.7,45.7,86,13
2/8/2015,78.8,46.6,80,21
3/8/2015,75.3,50.8,85,22
4/8/2015,78.5,46.1,92,20
5/8/2015,85.5,41.5,77,14
6/8/2015,82.8,51.7,55,8
7/8/2015,80.1,45.8,53,16
8/8/2015,79.4,48,72,18
9/8/2015,79.9,44.8,73,16
10/8/2015,78,42.6,80,20
11/8/2015,79.7,48.8,85,30
12/8/2015,84.5,49.6,84,24
13-08-2015,80.7,51.7,83,23
14-08-2015,82.2,46.8,91,24
15-08-2015,88.8,51,84,16
16-08-2015,76.5,49.5,93,30
17-08-2015,74.4,46,91,32
18-08-2015,69.6,41.1,90,21
19-08-2015,60.9,34.6,94,48
20-08-2015,79.6,37.9,90,14
21-08-2015,84.5,36.8,77,10
22-08-2015,82,47.4,67,12
23-08-2015,71.5,35.9,89,24
24-08-2015,85.9,38.3,77,10
25-08-2015,87.9,41.6,73,10
26-08-2015,84.3,46.8,66,15
27-08-2015,74.4,54.7,74,34
28-08-2015,72.5,48.6,72,26
29-08-2015,80.1,40.6,88,17
30-08-2015,86.3,42.5,76,13
31-08-2015,77,50.4,77,22
1/9/2015,81.8,46.1,80,15
2/9/2015,83.4,54,45,16
3/9/2015,75.4,48.2,87,25
4/9/2015,77.9,22.4,72,18
5/9/2015,75.3,60.4,45,21
6/9/2015,76.7,53.8,53,15
7/9/2015,68.6,44.8,75,30
8/9/2015,77.6,38.8,85,8
9/9/2015,81.8,37.2,49,9
10/9/2015,80.3,34.9,63,9
11/9/2015,69.8,35.2,87,31
12/9/2015,80.6,35.8,89,12
13-09-2015,81.8,35.2,73,7
14-09-2015,75.1,39.5,54,13
15-09-2015,70.9,54.8,62,25
16-09-2015,71.8,47.7,80,20
17-09-2015,65.8,44.3,73,29
18-09-2015,69.6,38,87,15
19-09-2015,74.7,28.1,88,12
20-09-2015,79,35.6,57,9
21-09-2015,80.3,38.9,41,10
22-09-2015,74.2,37.3,75,16
23-09-2015,81.2,39.9,89,12
24-09-2015,77.7,34.6,79,18
25-09-2015,75.7,35.3,79,20
26-09-2015,81.8,34.4,83,11
27-09-2015,80.7,37.5,65,14
28-09-2015,75.4,40.6,78,18
29-09-2015,69.7,45.2,92,32
30-09-2015,68.8,43.5,93,23
1/10/2015,73.9,41.9,80,24
2/10/2015,68.4,40.9,92,39
3/10/2015,65.5,38.9,91,18
4/10/2015,56.3,42.2,94,55
5/10/2015,68.4,33.2,92,22
6/10/2015,61.5,36.2,92,49
7/10/2015,67.4,32.5,95,28
8/10/2015,69.1,32.2,93,21
9/10/2015,65.2,35.9,93,30
10/10/2015,77.2,56.6,30,13
11/10/2015,74.2,59.6,35,14
12/10/2015,75.4,53.6,23,8
13-10-2015,78,53.1,22,9
14-10-2015,76.3,41.3,36,9
15-10-2015,60.4,34.3,65,31
16-10-2015,72.3,26.7,89,15
17-10-2015,69.8,28.8,78,14
18-10-2015,66.5,37.5,67,28
19-10-2015,62.1,35.3,81,34
20-10-2015,64,33.5,83,22
21-10-2015,44.1,38.5,91,83
22-10-2015,38.9,33.1,92,86
23-10-2015,52.6,30,93,32
24-10-2015,56.3,26.1,89,23
25-10-2015,63.1,26.4,85,15
26-10-2015,56.5,36.6,71,31
27-10-2015,45.7,33.7,85,38
28-10-2015,59.2,35.3,47,9
29-10-2015,53.5,28.1,76,24
30-10-2015,48.1,28.7,90,28
31-10-2015,51.3,37.3,52,34
1/11/2015,61.8,46,44,19
2/11/2015,64.7,27.8,72,15
3/11/2015,64,25.4,77,11
4/11/2015,49.2,25.4,90,40
5/11/2015,40.8,28.1,90,32
6/11/2015,39.2,23.9,69,27
7/11/2015,51.9,13.3,71,11
8/11/2015,63.9,16.4,74,6
9/11/2015,55.1,25.4,55,11
10/11/2015,54.2,29.8,89,16
11/11/2015,33.1,26.3,91,32
12/11/2015,40.2,23.3,67,30
13-11-2015,51.2,30.3,51,20
14-11-2015,60.1,21.6,69,13
15-11-2015,52.6,19.9,70,9
16-11-2015,45.7,27.9,88,13
17-11-2015,39.8,24.2,84,24
18-11-2015,38.9,29.1,61,27
19-11-2015,39.9,29.5,54,28
20-11-2015,39.9,18.8,89,22
21-11-2015,35.5,10,78,13
22-11-2015,51.1,32.1,27,14
23-11-2015,52.9,35.9,28,10
24-11-2015,50.2,24.8,56,10
25-11-2015,46,18.9,87,24
26-11-2015,19.2,5.2,86,74
27-11-2015,23,4.3,80,59
28-11-2015,26.8,2.2,84,62
29-11-2015,32.1,8.1,84,37
30-11-2015,21.8,2.8,82,35
1/12/2015,31,16.2,43,23
2/12/2015,39.1,29.3,35,18
3/12/2015,43.5,14.9,77,25
4/12/2015,54.1,13.5,78,14
5/12/2015,42.5,18.3,47,24
6/12/2015,51,14.3,51,5
7/12/2015,49.8,37,39,14
8/12/2015,48.1,34.4,82,27
9/12/2015,55.9,41.6,43,17
10/12/2015,48.5,36.3,40,22
11/12/2015,44.8,25.8,88,26
12/12/2015,26.7,16.4,87,75
13-12-2015,47,4.1,86,33
14-12-2015,43.6,21.8,84,32
15-12-2015,21.9,14.3,86,45
16-12-2015,23.2,10,54,32
17-12-2015,22.7,13.3,61,25
18-12-2015,42.9,22.2,51,33
19-12-2015,51.1,29.7,50,18
20-12-2015,45.2,28.4,73,15
21-12-2015,35.3,27.2,72,32
22-12-2015,36.9,20.3,89,52
23-12-2015,28.1,12,83,39
24-12-2015,20.4,8.4,61,32
25-12-2015,31.5,8.4,84,40
26-12-2015,19.9,-7,82,43
27-12-2015,33.1,-12.2,76,30
28-12-2015,36,-8.6,76,17
29-12-2015,29.8,-2,79,31
30-12-2015,25.3,0.7,79,33
31-12-2015,22.5,-5.4,79,40
1/1/2016,37.8,-12.2,75,11
2/1/2016,40.5,-4.8,76,15
3/1/2016,48.8,17.2,72,20
4/1/2016,48.6,11.6,81,19
5/1/2016,46,13.8,75,24
6/1/2016,42.5,20.4,71,27
7/1/2016,35.8,21.4,88,62
8/1/2016,26,7.9,88,76
9/1/2016,29.3,1.8,83,36
10/1/2016,29.7,18.1,43,22
11/1/2016,36,21.6,33,17
12/1/2016,40.3,27.8,41,14
13-01-2016,44.8,29.7,41,16
14-01-2016,36.3,23.6,60,18
15-01-2016,29.7,12.9,82,33
16-01-2016,31.4,6,75,28
17-01-2016,35.8,25.7,65,34
18-01-2016,43.3,29.4,55,29
19-01-2016,40.1,24.2,82,27
20-01-2016,37.8,24.5,60,30
21-01-2016,40.1,23.5,51,16
22-01-2016,53.8,23.8,61,21
23-01-2016,51,31.3,40,14
24-01-2016,42.2,21.4,81,23
25-01-2016,32.4,13.8,62,27
26-01-2016,37.9,13.5,64,20
27-01-2016,53.3,24.4,62,22
28-01-2016,50.2,33.3,45,25
29-01-2016,45.1,33.8,52,18
30-01-2016,47.3,25.8,89,35
31-01-2016,29.1,17.7,87,33
1/2/2016,22.4,14.4,85,78
2/2/2016,18.1,2.8,82,66
3/2/2016,18.1,-4.3,78,28
4/2/2016,30.9,10,54,28
5/2/2016,29.1,16.7,46,26
6/2/2016,43.8,25,43,21
7/2/2016,38.6,30.7,41,21
8/2/2016,47.6,34.7,40,23
9/2/2016,53.8,36.2,31,14
10/2/2016,56,40.6,24,7
11/2/2016,56.3,38.3,37,17
12/2/2016,57.6,40.6,42,23
13-02-2016,55.3,19.4,32,12
14-02-2016,41.9,31.4,60,20
15-02-2016,44.3,32.4,63,40
16-02-2016,49.8,37.2,59,22
17-02-2016,60.7,38.3,31,8
18-02-2016,55.3,30.3,77,14
19-02-2016,50.2,29,42,10
20-02-2016,51.1,36.9,45,19
21-02-2016,40.9,19.2,73,35
22-02-2016,40.2,18.6,87,27
23-02-2016,34.3,11.2,87,30
24-02-2016,42.8,11.1,68,14
25-02-2016,42.9,10,75,28
26-02-2016,57.6,35.5,41,11
27-02-2016,56.3,36.9,51,15
28-02-2016,53.6,31.5,44,11
29-02-2016,45.9,27.9,73,22
1/3/2016,47,24.5,51,22
2/3/2016,46.8,32.9,86,19
3/3/2016,56.1,31.2,35,9
4/3/2016,56.4,23.9,69,17
5/3/2016,58.6,19.4,80,12
6/3/2016,53.3,41.3,61,19
7/3/2016,42.5,31.2,77,35
8/3/2016,38.8,20.8,83,43
9/3/2016,43.2,18.4,83,27
10/3/2016,56.2,30.2,54,21
11/3/2016,63.8,24.8,63,8
12/3/2016,62,26.3,69,16
13-03-2016,52.6,34.9,53,24
14-03-2016,43.7,28.1,88,40
15-03-2016,31.8,20.5,67,22
16-03-2016,32.8,19.7,56,27
17-03-2016,28.5,20.3,87,39
18-03-2016,22.7,9.3,86,72
19-03-2016,27.9,6.7,81,54
20-03-2016,51.8,-2.2,78,13
21-03-2016,60.2,37,43,12
22-03-2016,55.8,36.3,73,13
23-03-2016,36.1,23.3,91,52
24-03-2016,39.8,25.4,70,34
25-03-2016,37.2,20.3,84,29
26-03-2016,30.9,9,80,46
27-03-2016,44.1,11.1,81,26
28-03-2016,52.7,27.2,64,18
29-03-2016,50.1,26.3,92,39
30-03-2016,37.3,26.7,79,38
31-03-2016,36.9,19.9,76,23
1/4/2016,47.1,16.7,64,20
2/4/2016,54.4,27.6,60,19
3/4/2016,59.9,35.8,56,17
4/4/2016,61.6,32.2,72,19
5/4/2016,47.7,32.9,84,26
6/4/2016,58.5,33.4,36,16
7/4/2016,56.2,34.9,70,19
8/4/2016,57.4,23.2,86,18
9/4/2016,60.7,26.7,80,25
10/4/2016,52.3,35.2,87,32
11/4/2016,51.7,31,91,54
12/4/2016,59.8,26.4,92,28
13-04-2016,62.4,28.2,89,22
14-04-2016,64.2,34.7,76,16
15-04-2016,52.8,30.6,90,28
16-04-2016,35.5,26.9,90,59
17-04-2016,32,24.7,89,65
18-04-2016,34.9,23.6,87,66
19-04-2016,42.4,21.9,88,37
20-04-2016,53.5,26.6,90,27
21-04-2016,59.3,24.7,90,26
22-04-2016,70.8,25.8,90,12
23-04-2016,68.2,32.9,82,13
24-04-2016,50.2,35,64,33
25-04-2016,55.9,29.1,85,32
26-04-2016,45.8,29.8,91,34
27-04-2016,50.1,26.3,91,28
28-04-2016,32.1,27,92,79
29-04-2016,34.6,27.3,91,81
30-04-2016,35.2,25.2,90,61
1/5/2016,33.7,26,83,64
2/5/2016,53.9,13.3,83,28
3/5/2016,60.9,25.6,84,10
4/5/2016,66.1,25.8,86,20
5/5/2016,72.1,31.8,82,15
6/5/2016,72.7,38,84,16
7/5/2016,46.8,34.9,92,58
8/5/2016,51.6,36.3,75,33
9/5/2016,56.7,31.6,94,35
10/5/2016,53.9,36.3,92,30
11/5/2016,53.9,33.1,65,21
12/5/2016,65.7,25.6,83,12
13-05-2016,66.8,36.6,83,14
14-05-2016,49.4,35.2,90,62
15-05-2016,56.3,33.2,93,53
16-05-2016,44.2,32.4,94,86
17-05-2016,38.5,32.1,92,81
18-05-2016,58,33.7,91,46
19-05-2016,65.9,30.7,93,25
20-05-2016,66.8,37.6,86,27
21-05-2016,69.3,36.9,83,18
22-05-2016,63.1,39.1,70,24
23-05-2016,60.3,33.7,86,16
24-05-2016,63.1,29.7,91,35
25-05-2016,64.3,32.5,79,15
26-05-2016,56.5,31.5,86,41
27-05-2016,57,35.5,91,31
28-05-2016,61.2,34,92,27
29-05-2016,67.3,33.4,85,22
30-05-2016,67.4,34,87,19
31-05-2016,59,41.2,87,46
1/6/2016,64.5,41.5,92,38
2/6/2016,76,35.3,91,13
3/6/2016,77.3,43,65,19
4/6/2016,71.6,42.1,86,31
5/6/2016,75.8,39.3,87,23
6/6/2016,77,40,92,23
7/6/2016,74,40.1,95,28
8/6/2016,73.9,42.9,80,25
9/6/2016,81.8,46,92,16
10/6/2016,83.8,43.2,94,13
11/6/2016,78.9,45.2,80,23
12/6/2016,74.2,47.6,86,27
13-06-2016,67.9,42.5,93,36
14-06-2016,69.4,45.5,62,23
15-06-2016,77,41.8,70,12
16-06-2016,82.4,49.2,57,8
17-06-2016,77.3,44.8,76,19
18-06-2016,81.8,45.7,87,9
19-06-2016,83.3,48.6,76,13
20-06-2016,74,46.4,85,32
21-06-2016,92.7,47.4,94,10
22-06-2016,75.8,52.8,75,21
23-06-2016,82.2,44.8,86,19
24-06-2016,84.3,44.8,93,15
25-06-2016,80.1,49.6,80,18
26-06-2016,83.6,43.2,90,6
27-06-2016,82.6,41.2,78,10
28-06-2016,83,46.8,90,14
29-06-2016,87,45.7,92,11
30-06-2016,70.9,46.7,90,32
1/7/2016,71.5,53.2,93,37
2/7/2016,67.8,50.7,89,43
3/7/2016,83.2,49.8,85,15
4/7/2016,81.1,61.5,42,16
5/7/2016,78.5,52.8,64,19
6/7/2016,80.9,43.8,85,12
7/7/2016,83.4,41.9,63,12
8/7/2016,85.1,42.6,80,11
9/7/2016,85.9,41.1,84,10
10/7/2016,86.6,53.6,45,9
11/7/2016,76.6,59.5,29,12
12/7/2016,80.3,42.1,69,9
13-07-2016,87.8,40.1,60,7
14-07-2016,75.8,41.1,64,25
15-07-2016,81.6,40.6,88,9
16-07-2016,88.2,42.2,91,9
17-07-2016,80.5,49.2,66,18
18-07-2016,86.7,49.5,86,16
19-07-2016,85.7,54.2,76,20
20-07-2016,85.5,52.3,86,17
21-07-2016,85.7,56.2,78,16
22-07-2016,88,51.7,76,19
23-07-2016,89.9,60.1,50,14
24-07-2016,84.1,51.4,81,12
25-07-2016,87.6,44.3,92,7
26-07-2016,84.5,47.9,60,11
27-07-2016,82.8,47.6,62,16
28-07-2016,86.3,48,86,10
29-07-2016,77,53.6,88,33
30-07-2016,89.5,45.4,92,9
31-07-2016,85.3,47.6,89,17
1/8/2016,87.6,48.2,89,12
2/8/2016,80.5,46.2,86,24
3/8/2016,83.6,45.5,93,16
4/8/2016,62,50.8,86,38
5/8/2016,59.2,50.2,88,61
6/8/2016,74,48,94,36
7/8/2016,79.2,47,89,26
8/8/2016,80.4,54.5,60,19
9/8/2016,90.7,48,73,11
10/8/2016,83.6,45.2,78,16
11/8/2016,79.2,51.2,77,4
12/8/2016,73.7,38.9,81,27
13-08-2016,76.5,38.9,83,14
14-08-2016,80.5,38.5,81,11
15-08-2016,82.5,41.1,62,11
16-08-2016,79.8,40.2,81,16
17-08-2016,80.7,40.9,82,13
18-08-2016,75.4,43.2,89,22
19-08-2016,69.3,43.5,93,34
20-08-2016,67.8,39.8,90,38
21-08-2016,64,39.6,85,29
22-08-2016,77.7,45.5,66,15
23-08-2016,73.9,58,51,15
24-08-2016,61.8,41.9,90,44
25-08-2016,62.4,35.9,95,43
26-08-2016,70.7,45.5,84,24
27-08-2016,75.3,43.2,82,26
28-08-2016,74,39.3,79,43
29-08-2016,74,43.6,87,22
30-08-2016,72.1,42.5,92,35
31-08-2016,72.8,40.3,93,41
1/9/2016,79.4,41.6,93,31
2/9/2016,72.5,49.1,69,30
3/9/2016,75.8,44.1,86,27
4/9/2016,75.6,44.1,89,19
5/9/2016,77.6,35.9,85,12
6/9/2016,78.1,39.3,88,11
7/9/2016,77.9,42.6,92,11
8/9/2016,81.4,34.1,72,10
9/9/2016,73.5,35.9,80,15
10/9/2016,75.4,26.4,90,8
11/9/2016,82,49.4,41,10
12/9/2016,71.8,47.3,76,31
13-09-2016,59.6,45.7,91,61
14-09-2016,70.8,35.5,94,26
15-09-2016,68.5,34.7,83,18
16-09-2016,63,30.6,85,27
17-09-2016,72.7,31.3,89,11
18-09-2016,79,54.4,27,15
19-09-2016,81.8,48.9,36,10
20-09-2016,76.1,44.5,47,10
21-09-2016,71.8,52.9,60,22
22-09-2016,71.6,40.9,80,40
23-09-2016,72.1,35.8,94,28
24-09-2016,47.7,37,95,44
25-09-2016,61.6,34.6,74,27
26-09-2016,68.4,27,86,23
27-09-2016,73.9,29.1,86,16
28-09-2016,70.6,32.7,70,22
29-09-2016,76.5,33.4,79,17
30-09-2016,65.3,42.3,84,37
1/10/2016,74.4,34,92,28
2/10/2016,68.3,37.2,80,24
3/10/2016,62.9,32.4,87,22
4/10/2016,51.3,34.1,43,27
5/10/2016,55.1,36.5,56,22
6/10/2016,48.2,27.9,91,31
7/10/2016,58,26.7,68,15
8/10/2016,67.4,27.8,60,11
9/10/2016,70.7,29.1,64,15
10/10/2016,67.1,39.3,71,21
11/10/2016,61.3,39.5,88,39
12/10/2016,62.3,30.7,94,21
13-10-2016,69.9,30,75,13
14-10-2016,71.5,55.3,27,14
15-10-2016,72.1,42.1,48,15
16-10-2016,70.1,42.9,46,15
17-10-2016,59.9,40,58,23
18-10-2016,54.1,36.6,85,29
19-10-2016,47.4,32.5,88,24
20-10-2016,58,18.1,66,7
21-10-2016,66.4,31.8,40,10
22-10-2016,70.8,27,49,12
23-10-2016,68.4,27,60,16
24-10-2016,67.6,33.5,58,17
25-10-2016,61.3,35.8,57,29
26-10-2016,65,35.9,56,18
27-10-2016,70.8,45.4,36,14
28-10-2016,68.1,51.6,46,24
29-10-2016,64,38.3,73,28
30-10-2016,62.7,34.6,82,27
31-10-2016,63.6,50.1,44,21
1/11/2016,60.2,37.9,75,27
2/11/2016,54.8,27.8,87,36
3/11/2016,62.9,19.9,91,8
4/11/2016,65.8,18.9,64,14
5/11/2016,62.1,26.2,76,23
6/11/2016,58.9,27.9,85,23
7/11/2016,56.5,24.8,75,26
8/11/2016,59.8,19.4,86,19
9/11/2016,68.9,21.4,74,11
10/11/2016,60.5,25.1,65,22
11/11/2016,52.2,20.8,82,33
12/11/2016,59.3,22.9,86,19
13-11-2016,52.1,43.8,47,27
14-11-2016,61.6,43.5,39,20
15-11-2016,66.4,42.8,39,11
16-11-2016,64.9,36.3,47,10
17-11-2016,36.2,18.1,89,47
18-11-2016,35.8,10,80,25
19-11-2016,53.6,9.9,81,19
20-11-2016,56.7,29.4,76,24
21-11-2016,54.1,26.1,85,32
22-11-2016,44.3,25,92,32
23-11-2016,48,15.2,83,11
24-11-2016,38.7,27,85,16
25-11-2016,50.4,24.1,31,9
26-11-2016,55,21.9,39,3
27-11-2016,39.5,23.8,88,28
28-11-2016,32.2,23,54,27
29-11-2016,25.6,20.6,48,31
30-11-2016,28.2,12.4,44,24
1/12/2016,35.2,14.4,59,26
2/12/2016,25.1,7,80,58
3/12/2016,30.4,4.8,80,24
4/12/2016,40.3,21.1,44,26
5/12/2016,38.5,3.9,77,19
6/12/2016,24.4,8.3,79,18
7/12/2016,10,-16.6,79,65
8/12/2016,28,-18.4,76,46
9/12/2016,40.5,27.3,69,39
10/12/2016,46.8,36.9,74,29
11/12/2016,37.3,26.9,90,32
12/12/2016,37.5,25.4,38,23
13-12-2016,33.7,21.6,41,22
14-12-2016,32.1,15.6,82,31
15-12-2016,48.8,18.4,89,28
16-12-2016,43.9,0.9,84,45
17-12-2016,10.2,-11.2,77,44
18-12-2016,21.9,10,51,27
19-12-2016,36.1,19.2,39,21
20-12-2016,45.1,34.9,45,21
21-12-2016,43.3,19.2,83,20
22-12-2016,40.2,15.4,85,42
23-12-2016,41.3,19.1,85,26
24-12-2016,52.6,18.6,70,19
25-12-2016,31,18.6,80,31
26-12-2016,28.5,21.1,42,21
27-12-2016,43.1,22.3,51,11
28-12-2016,34.1,25.8,83,35
29-12-2016,44.1,27.3,35,17
30-12-2016,50.1,34.1,28,12
31-12-2016,42.6,23.6,48,22
1/1/2017,37,29.7,44,29
2/1/2017,35,12.1,85,34
3/1/2017,23.9,10.7,84,73
4/1/2017,25.6,-2.2,85,68
5/1/2017,3.7,-12.8,74,67
6/1/2017,18.7,-23.9,74,29
7/1/2017,35.9,11.9,60,15
8/1/2017,43.1,29.4,65,43
9/1/2017,43.6,27.8,91,56
10/1/2017,33.7,23,78,44
11/1/2017,33.7,26,90,62
12/1/2017,34.4,17.5,87,45
13-01-2017,41.2,17.5,86,50
14-01-2017,43.8,13.8,87,40
15-01-2017,40.3,10.5,90,50
16-01-2017,30.1,15.9,92,68
17-01-2017,48.5,0.9,84,23
18-01-2017,57,5.2,83,14
19-01-2017,48.2,33.4,49,19
20-01-2017,38.7,27,72,33
21-01-2017,41.5,12.6,85,25
22-01-2017,32.9,23.3,54,22
23-01-2017,37.3,25.8,85,47
24-01-2017,31.6,10.4,84,31
25-01-2017,23.9,6.5,82,28
26-01-2017,18.8,3,95,24
27-01-2017,38.3,1.3,50,22
28-01-2017,35.8,20.1,41,21
29-01-2017,45.7,30.7,41,20
30-01-2017,45.8,35.3,37,23
31-01-2017,48.8,36.7,35,16
1/2/2017,50.8,14.8,86,17
2/2/2017,34.9,12.1,85,60
9/2/2017,54.4,42.9,95,13
10/2/2017,58.9,42.8,95,8
11/2/2017,47.4,31.8,74,34
12/2/2017,43.6,23.2,85,32
13-02-2017,44.6,21.1,86,24
14-02-2017,43.5,12.4,76,27
15-02-2017,56.3,20.8,66,10
16-02-2017,61.3,41.2,18,5
17-02-2017,57.2,27.8,56,13
18-02-2017,53.8,27.8,73,26
19-02-2017,53.1,23.3,82,25
20-02-2017,47.6,33.2,41,24
21-02-2017,53.5,39.3,54,24
22-02-2017,51,28.5,85,22
23-02-2017,28.5,8.6,87,64
24-02-2017,18.4,-4.8,80,66
25-02-2017,19.9,-4.8,80,34
26-02-2017,26.6,14,44,24
27-02-2017,36.6,23.2,74,32
28-02-2017,32.1,17,83,30
1/3/2017,31.9,15.9,46,24
2/3/2017,39.2,22.5,42,22
3/3/2017,49.8,22.4,56,12
4/3/2017,53.1,22.4,54,13
5/3/2017,53.3,40.3,37,11
6/3/2017,41.9,16.2,75,20
7/3/2017,36.9,18.1,42,23
8/3/2017,51.4,31,53,22
9/3/2017,58,28.8,67,17
10/3/2017,61.2,24.4,78,17
11/3/2017,45.2,28.7,83,37
12/3/2017,48.9,27.8,87,19
13-03-2017,48.3,21.8,85,25
14-03-2017,59.5,44.2,35,20
15-03-2017,66.9,33.8,48,10
16-03-2017,64.8,30.1,53,15
17-03-2017,63.1,32.2,68,19
18-03-2017,67.6,27.9,79,13
19-03-2017,69.6,39.3,49,14
20-03-2017,65,38.6,46,16
21-03-2017,62.7,28.5,80,21
22-03-2017,64.8,31.2,86,14
23-03-2017,62.9,35.8,75,11
24-03-2017,53.9,25.4,73,21
25-03-2017,58.1,23.3,87,17
26-03-2017,45.4,32.2,93,55
27-03-2017,50.5,26,94,41
28-03-2017,37.8,30.1,93,84
29-03-2017,54.8,28.1,91,20
30-03-2017,56,34,80,27
31-03-2017,40.3,27.3,94,80
5/4/2017,40.1,32.1,90,40
6/4/2017,55.6,28.1,72,27
7/4/2017,65.8,28.4,80,19
8/4/2017,62.4,28.4,50,17
9/4/2017,48,29.5,86,21
10/4/2017,51.5,28.2,54,14
11/4/2017,57.2,22.9,68,10
12/4/2017,65.5,22.9,64,12
13-04-2017,66.4,25.4,82,19
14-04-2017,68.9,25.4,65,0
15-04-2017,61.6,27,69,13
16-04-2017,64.1,24.7,73,13
17-04-2017,65.8,26,72,13
18-04-2017,67.9,33.7,68,19
19-04-2017,56.7,34.9,84,23
20-04-2017,50.7,25.7,91,0
21-04-2017,45.8,30.7,93,36
22-04-2017,47.7,28.7,92,47
23-04-2017,68.1,27.2,89,12
24-04-2017,56,34,89,21
25-04-2017,48.8,30.7,89,27
6/5/2017,76,34.2,79,0
7/5/2017,71.5,44.1,81,21
8/5/2017,63.4,34.1,91,41
9/5/2017,59.5,39.6,94,53
10/5/2017,47.6,40.1,92,67
11/5/2017,58.4,34.9,94,50
12/5/2017,67.4,31.9,93,20
13-05-2017,73.2,40.2,80,10
14-05-2017,60.4,37,69,25
15-05-2017,67.6,32,82,0
16-05-2017,60.1,34.4,76,15
17-05-2017,60.5,28.7,91,18
18-05-2017,33.2,27.2,94,89
22-05-2017,37.3,27,84,0
23-05-2017,52.8,32,70,30
24-05-2017,72.8,32.5,80,16
25-05-2017,62,41.5,87,27
26-05-2017,59.3,33.7,95,47
2/6/2017,66.3,46.1,75,30
3/6/2017,68.1,34.7,88,25
4/6/2017,73.5,35,89,26
5/6/2017,69.1,40.8,89,30
6/6/2017,67.9,43.5,86,41
7/6/2017,72.8,38.6,93,32
8/6/2017,75.6,39.1,92,27
9/6/2017,79.6,43.9,81,11
10/6/2017,80.3,53.3,69,12
11/6/2017,72.7,52.5,76,10
12/6/2017,77.6,45.1,89,8
13-06-2017,65,52,32,11
14-06-2017,75.4,48.8,43,17
15-06-2017,80.5,14.2,67,12
16-06-2017,82.4,40.8,68,15
17-06-2017,77.4,51,77,23
18-06-2017,79.8,23.6,80,17
19-06-2017,75.4,40.3,86,31
20-06-2017,89.3,42.5,83,11
21-06-2017,87.2,61.5,42,8
22-06-2017,81.1,53.6,71,17
23-06-2017,57.6,42.8,90,54
24-06-2017,64,37.8,90,46
25-06-2017,68.4,42.3,91,40
26-06-2017,77.2,37.8,92,18
27-06-2017,83.6,43.1,82,9
28-06-2017,89.3,14.2,93,8
29-06-2017,89.3,14.2,93,8
30-06-2017,89.3,14.2,93,8
1/7/2017,76.5,37.9,91,16
2/7/2017,83.2,39.8,71,10
3/7/2017,78.3,48.3,61,17
4/7/2017,81.6,47.7,71,12
5/7/2017,86.1,41.3,78,11
6/7/2017,86.3,46.8,59,14
7/7/2017,83.4,44.9,88,17
8/7/2017,74.4,45.8,93,33
9/7/2017,83.6,44.5,89,16
10/7/2017,84.7,47.6,88,19
11/7/2017,81.4,54.4,89,22
12/7/2017,69.4,54.4,82,44
13-07-2017,76.7,45.4,93,23
14-07-2017,81.1,45.4,87,21
15-07-2017,78.1,47.6,88,24
16-07-2017,80.7,43.2,85,28
17-07-2017,84.3,47.7,80,19
18-07-2017,81.8,49.9,76,22
19-07-2017,87.6,50.2,76,17
20-07-2017,83.4,54.8,76,33
21-07-2017,82.6,55,91,22
22-07-2017,77,48.6,93,31
23-07-2017,80.1,46.1,90,28
24-07-2017,84.7,48,84,15
25-07-2017,79.4,51.9,92,27
26-07-2017,71.1,53.1,95,58
27-07-2017,74.9,50.4,96,52
28-07-2017,80.3,48.3,91,24
29-07-2017,72,54.7,92,36
30-07-2017,75.3,50.1,92,41
31-07-2017,79.6,44.3,94,22
1/8/2017,75.8,44.9,89,22
2/8/2017,80.3,41.6,84,17
3/8/2017,59.6,50.4,92,56
4/8/2017,84.1,46.2,94,14
5/8/2017,79.4,46.5,89,25
6/8/2017,65.3,42.9,95,61
7/8/2017,55.3,46.4,94,83
8/8/2017,65.6,43.5,96,51
9/8/2017,65.8,43.6,95,49
10/8/2017,67.6,45.2,96,50
11/8/2017,71.1,41.3,96,40
12/8/2017,73.5,44.6,90,26
13-08-2017,75.8,46.1,86,24
14-08-2017,78.5,46.8,87,22
15-08-2017,74.9,45.2,92,19
16-08-2017,64.3,44.2,86,41
17-08-2017,78.1,38.2,93,18
18-08-2017,80.5,42.3,76,15
19-08-2017,86.5,41.8,82,7
20-08-2017,79,50.1,67,17
21-08-2017,80.5,42.5,83,19
22-08-2017,73.9,40.9,94,38
23-08-2017,78.3,48.5,75,17
24-08-2017,77.6,41.9,87,19
25-08-2017,78.1,41.3,78,20
26-08-2017,84.5,42.5,76,13
27-08-2017,77.2,43.5,69,22
28-08-2017,82.6,40.3,88,15
29-08-2017,81.6,41.1,81,17
30-08-2017,77.9,42.1,81,20
31-08-2017,78.3,44.5,88,22
1/9/2017,78.1,47.3,92,20
2/9/2017,79.2,40.3,88,21
3/9/2017,88.6,42.9,81,10
4/9/2017,85.9,41.5,68,8
5/9/2017,64.7,41.3,82,40
6/9/2017,72.8,34.1,94,27
7/9/2017,76.1,37.6,89,18
8/9/2017,77.6,39.1,80,19
9/9/2017,82,43.6,88,18
10/9/2017,78.6,44.3,84,20
11/9/2017,77.6,46.2,89,26
12/9/2017,81.1,41.6,91,15
13-09-2017,79.6,51.1,62,17
14-09-2017,75.4,47.6,68,20
15-09-2017,71.5,48,72,15
16-09-2017,64.2,39.2,86,15
17-09-2017,68.3,30.9,92,20
18-09-2017,72,33.2,90,15
19-09-2017,72.1,53.5,41,11
20-09-2017,72.5,39.9,61,17
21-09-2017,78.6,35,68,10
22-09-2017,71.6,33.5,74,18
23-09-2017,58.9,35.8,92,47
24-09-2017,45.1,33.8,93,76
25-09-2017,51.1,28.8,93,55
26-09-2017,53.5,31.3,92,47
27-09-2017,47,42.1,90,77
28-09-2017,47.3,40.6,93,76
29-09-2017,56.5,33.5,95,58
30-09-2017,62.9,35.2,94,22
1/10/2017,58,38.3,87,37
2/10/2017,38.8,31.8,93,63
3/10/2017,44.1,27.2,89,68
4/10/2017,65.6,29.1,93,43
5/10/2017,61.6,33.1,94,36
6/10/2017,54.7,28.1,93,22
7/10/2017,68.6,42.3,46,13
8/10/2017,67.3,30.9,93,13
9/10/2017,32.1,20.5,93,86
10/10/2017,52,12.8,90,40
11/10/2017,67.6,26.3,91,8
12/10/2017,67.4,37.2,66,13
13-10-2017,62.3,25.6,88,11
14-10-2017,48.2,28.1,87,18
15-10-2017,62.1,29.5,58,12
16-10-2017,71.3,28.5,58,4
17-10-2017,69.6,37.5,28,8
18-10-2017,68.8,31.8,49,7
19-10-2017,72.5,24.7,66,12
20-10-2017,66.1,40.9,49,16
21-10-2017,47.9,29.1,69,19
22-10-2017,58.9,37.6,41,15
23-10-2017,55.7,29.1,76,24
24-10-2017,64,20.5,83,15
25-10-2017,72.7,31.9,46,7
26-10-2017,54.2,23.8,88,16
27-10-2017,37.3,12.9,88,59
28-10-2017,56.5,30.4,71,32
29-10-2017,61.8,32.9,82,23
30-10-2017,32.9,22.4,88,71
31-10-2017,49.9,22.4,91,15
1/11/2017,59.3,44.6,31,20
2/11/2017,60.7,26.4,89,22
3/11/2017,60.1,26,91,17
4/11/2017,50.4,37,87,35
5/11/2017,48.5,29.7,94,46
6/11/2017,49.5,28.8,93,29
7/11/2017,32.1,15.2,90,78
8/11/2017,50.4,4.3,86,19
9/11/2017,52.8,14.1,81,11
10/11/2017,55.1,29.5,66,23
11/11/2017,49.5,27.3,70,25
12/11/2017,56.5,18,85,15
13-11-2017,59.8,32.8,58,18
14-11-2017,58.9,40.9,36,17
15-11-2017,53.5,24.4,72,14
16-11-2017,59.8,45.8,39,19
17-11-2017,51.1,26.1,82,31
18-11-2017,37.5,22.4,65,20
19-11-2017,49.9,29.3,32,10
20-11-2017,51.7,39.2,44,9
21-11-2017,46.2,30.6,86,36
22-11-2017,55.7,43.5,58,36
23-11-2017,59.9,45.5,57,21
24-11-2017,59.6,40.5,72,18
25-11-2017,56,42.5,44,12
26-11-2017,63.5,42.2,43,15
27-11-2017,66,37.8,35,11
28-11-2017,41.1,19.5,89,31
29-11-2017,55,19.4,88,19
30-11-2017,52.6,15.9,80,18
1/12/2017,52,28.8,64,26
2/12/2017,55.1,26.1,72,21
3/12/2017,55.9,33.2,86,18
4/12/2017,33.5,20.3,86,26
5/12/2017,42.8,20,41,20
6/12/2017,29,15.7,55,21
7/12/2017,36.2,14.6,41,25
8/12/2017,45.8,33.8,36,13
9/12/2017,49.6,33.7,18,10
10/12/2017,52,26,21,7
11/12/2017,53.9,26.3,34,8
12/12/2017,59.5,23.5,42,13
13-12-2017,50.8,26.6,84,11
14-12-2017,34,15.6,86,24
15-12-2017,48.9,30.3,27,13
16-12-2017,43.5,24.5,79,10
17-12-2017,41.8,20.6,84,22
18-12-2017,45.1,32.7,42,25
19-12-2017,51.4,29.4,52,20
20-12-2017,51.6,26.4,50,16
21-12-2017,32.2,1.7,83,44
22-12-2017,32.2,1.7,85,32
23-12-2017,31.3,7.4,88,40
24-12-2017,30.4,6,76,15
25-12-2017,35.9,27.5,81,40
26-12-2017,39.2,26.6,81,23
27-12-2017,39.3,30.9,39,22
28-12-2017,44.3,36,28,16
29-12-2017,53.3,39.2,22,11
30-12-2017,54.5,19.1,72,7
31-12-2017,35.6,12.4,79,15
1/1/2018,44.1,22.5,48,13
2/1/2018,46.2,13.8,57,6
3/1/2018,51.6,13.8,38,8
4/1/2018,50.8,15.6,42,12
5/1/2018,51.3,20.5,41,18
6/1/2018,50.7,27.3,68,27
7/1/2018,46.2,28.8,68,27
8/1/2018,56,28.8,40,8
9/1/2018,53.9,36.6,53,31
10/1/2018,56,27.3,83,38
11/1/2018,31.6,21.8,60,27
12/1/2018,41.9,21.8,76,30
13-01-2018,35.6,26.3,50,37
14-01-2018,50.1,23.5,60,15
15-01-2018,50.1,-1.2,87,54
16-01-2018,39.1,-5.6,76,13
17-01-2018,49.2,19.9,49,9
18-01-2018,55.1,11.6,31,4
19-01-2018,56.7,39.9,31,6
20-01-2018,50.7,23.5,89,27
21-01-2018,23.5,16.1,89,56
22-01-2018,31,17.3,56,21
23-01-2018,31.3,18.8,54,25
24-01-2018,42.3,26.9,34,17
25-01-2018,52.2,32.4,52,9
26-01-2018,33.2,18.6,75,24
27-01-2018,36,21,41,19
28-01-2018,44.8,27.6,49,24
29-01-2018,50.8,33.2,53,15
30-01-2018,55.1,39.1,24,13
31-01-2018,48.2,18.9,84,21
2/2/2018,41.6,30.3,69,42
3/2/2018,46.1,33.5,79,27
4/2/2018,46.7,34.4,63,31
5/2/2018,42.1,21.1,85,28
6/2/2018,41.1,20.8,83,24
7/2/2018,46,28.2,49,26
8/2/2018,50.5,35.5,48,24
9/2/2018,50.5,10.7,82,16
10/2/2018,28.2,4.8,81,39
11/2/2018,34.3,4.3,70,25
12/2/2018,31,12.8,85,51
13-02-2018,41.8,18.3,89,38
14-02-2018,45.4,33.1,70,31
15-02-2018,37.6,13.8,82,34
16-02-2018,38.2,10.5,81,19
17-02-2018,44.2,25.3,38,16
18-02-2018,49.8,19.7,84,17
19-02-2018,19.7,-2.2,85,55
20-02-2018,21.8,-9.3,76,30
21-02-2018,28.2,-4.1,76,19
22-02-2018,34.9,-1.4,81,27
23-02-2018,28.1,6.9,85,34
24-02-2018,20.3,6.5,83,31
25-02-2018,26.9,12.6,55,23
26-02-2018,40.9,16.9,45,16
27-02-2018,43.9,14.4,59,14
28-02-2018,40.3,18.6,77,22
23-03-2018,51.4,34.7,90,20
24-03-2018,55.1,25.1,75,14
25-03-2018,52.2,32.9,84,20
26-03-2018,45.5,25.3,92,22
27-03-2018,41.2,15.9,90,17
28-03-2018,38.9,24.5,89,17
29-03-2018,40.6,17.2,89,38
30-03-2018,52.6,22.2,86,24
31-03-2018,55.6,24.8,86,22
1/4/2018,57.8,25.6,89,16
2/4/2018,62.1,43.5,52,15
3/4/2018,43.5,18.6,57,9
4/4/2018,48.8,27,36,11
5/4/2018,57,39.6,59,22
6/4/2018,39.8,17.2,89,59
7/4/2018,51.3,18.3,89,43
8/4/2018,47.6,34.3,84,29
9/4/2018,49.6,28.8,84,20
10/4/2018,63.2,34.7,46,11
11/4/2018,65.6,50.1,28,13
12/4/2018,63.9,31.9,75,9
13-04-2018,35.5,26,56,26
14-04-2018,48.9,26.1,60,17
15-04-2018,57.3,24.1,77,16
16-04-2018,65.6,27.9,73,10
17-04-2018,53.5,26.6,78,12
18-04-2018,48.9,25.7,44,12
19-04-2018,54.5,16.9,66,18
20-04-2018,41.9,28.1,92,43
21-04-2018,36.2,26.7,93,81
22-04-2018,58.9,27.5,94,26
23-04-2018,64,28.5,92,21
24-04-2018,38.5,27.5,93,84
25-04-2018,65.2,17.2,89,9
26-04-2018,53.5,29.5,75,22
27-04-2018,63.2,22.2,85,11
28-04-2018,67.9,26.6,77,15
29-04-2018,67.8,46.5,55,12
30-04-2018,64.5,31.5,76,11
1/5/2018,56.6,37.8,80,26
2/5/2018,40.8,32.8,93,77
3/5/2018,45.8,32.2,95,65
4/5/2018,61.6,25.6,93,25
5/5/2018,64.5,32.2,76,20
6/5/2018,67.6,33.4,81,20
7/5/2018,73.2,34.9,82,10
8/5/2018,70.3,33.5,75,14
9/5/2018,72.8,30.3,77,13
10/5/2018,74.7,34.1,78,13
11/5/2018,65.5,41.1,95,31
12/5/2018,58.7,45.7,95,61
13-05-2018,56.9,42.8,94,63
14-05-2018,58.4,38.6,90,49
15-05-2018,64.8,31.2,93,21
16-05-2018,73,35.2,91,11
17-05-2018,74.7,34.9,75,8
18-05-2018,64.8,39.8,91,31
19-05-2018,45.2,38.5,93,79
20-05-2018,53.8,36.2,92,58
21-05-2018,71.1,32.5,95,13
22-05-2018,69.3,36.8,91,28
23-05-2018,66.3,35.8,91,28
24-05-2018,75.1,35.2,82,18
25-05-2018,79.2,36.8,79,11
26-05-2018,79.6,40.8,69,8
27-05-2018,73.5,47,62,20
28-05-2018,60.5,40.6,90,52
29-05-2018,63.4,39.6,91,34
30-05-2018,70.8,34.9,90,19
31-05-2018,76.3,44.2,72,13
1/6/2018,73.5,41.2,66,10
2/6/2018,68.9,43.9,54,10
3/6/2018,73.3,34,76,23
4/6/2018,81.6,46.8,54,9
5/6/2018,85.5,40.5,61,9
6/6/2018,81.6,41.8,64,8
7/6/2018,84.3,43.5,84,6
8/6/2018,83.8,39.9,49,6
9/6/2018,71.1,48.9,38,18
10/6/2018,81.6,44.5,46,6
11/6/2018,78.1,52.5,38,6
12/6/2018,76.1,36.8,69,18
13-06-2018,84.1,41.2,79,11
14-06-2018,83.6,54.7,41,13
15-06-2018,84.1,52.5,50,13
16-06-2018,80.1,49.9,89,20
17-06-2018,60.4,51,95,70
18-06-2018,70.1,49.9,95,48
19-06-2018,68.3,47.7,93,52
20-06-2018,68.6,42.2,91,31
21-06-2018,77.7,41.9,93,16
22-06-2018,77.4,51.6,76,10
23-06-2018,79.2,38.5,79,10
24-06-2018,60.4,43.2,93,54
25-06-2018,78.5,37.8,92,16
26-06-2018,89.7,39.9,75,8
27-06-2018,89.9,47,51,7
28-06-2018,90.5,45.5,61,6
29-06-2018,84.5,55.9,32,6
30-06-2018,66.9,43.8,81,26
1/7/2018,81.4,35.5,87,7
2/7/2018,85.1,39.5,64,8
3/7/2018,86.3,44.9,60,9
4/7/2018,84.5,48.2,78,9
5/7/2018,74,46.8,86,31
6/7/2018,83,42.8,86,19
7/7/2018,85.5,46.7,75,15
8/7/2018,88.6,47.7,82,16
9/7/2018,82.6,49.5,94,15
10/7/2018,87.6,46.1,74,17
11/7/2018,85.9,46.4,78,15
12/7/2018,75.4,49.5,88,28
13-07-2018,78.1,43.9,93,27
14-07-2018,84.9,46.2,89,22
15-07-2018,63.2,50.4,94,54
16-07-2018,80.7,43.6,96,20
17-07-2018,78.3,47.4,90,33
18-07-2018,88.8,46.8,92,11
24-07-2018,85.8,56.2,76,11
25-07-2018,78.5,49.6,88,22
26-07-2018,70.9,46.7,94,44
27-07-2018,79.6,50.5,93,19
28-07-2018,77.4,46.2,95,21
29-07-2018,82.2,43.3,95,11
30-07-2018,70.6,43.2,90,28
31-07-2018,76.8,37.3,90,17
1/8/2018,77.9,43.3,80,20
2/8/2018,84.5,43.3,88,18
3/8/2018,76,56.6,83,24
4/8/2018,81.4,57.8,48,19
5/8/2018,79.4,53.2,83,22
6/8/2018,74.2,46.7,92,34
7/8/2018,76.7,43.6,93,19
8/8/2018,75.8,43.1,88,33
9/8/2018,79.4,43.2,92,19
10/8/2018,79.6,43.2,78,21
11/8/2018,82.2,41.6,77,13
12/8/2018,83.2,41.5,75,12
13-08-2018,79.4,40.3,72,19
14-08-2018,74,43.1,91,34
15-08-2018,86.7,44.6,95,7
16-08-2018,79.8,42.3,86,16
17-08-2018,82.4,44.9,77,20
18-08-2018,73.7,46.7,88,26
19-08-2018,65.2,41.1,94,37
20-08-2018,72.1,33.4,92,26
21-08-2018,70.3,45.2,93,33
22-08-2018,69.6,45.2,95,37
23-08-2018,74.7,49.5,74,19
24-08-2018,84.5,53.5,44,10
25-08-2018,84,45.8,69,15
26-08-2018,79,53.2,74,15
27-08-2018,76.7,53.1,56,16
28-08-2018,67.3,41.9,80,34
29-08-2018,81.8,35.9,93,10
30-08-2018,82.2,38,58,11
31-08-2018,78.1,39.9,62,14
1/9/2018,77.7,46.5,55,21
2/9/2018,77.6,37.5,72,15
3/9/2018,73.2,42.3,71,16
4/9/2018,74.9,41.1,85,19
5/9/2018,65.6,47,88,49
6/9/2018,68.1,40.2,92,41
7/9/2018,70.1,34.4,93,34
8/9/2018,75.8,37.9,94,17
9/9/2018,77.2,46.4,58,17
10/9/2018,87.2,36.6,71,7
13-09-2018,83.2,56.5,22,6
14-09-2018,81.6,49.2,35,5
15-09-2018,81.8,40.9,54,9
16-09-2018,83.8,43.5,57,10
17-09-2018,82.4,48.2,51,15
18-09-2018,83.6,41.5,74,12
19-09-2018,79.6,45.2,77,12
20-09-2018,72.7,47,80,11
21-09-2018,68.4,31,86,33
22-09-2018,77,31.8,80,8
23-09-2018,75.8,36.8,47,13
24-09-2018,68.1,44.6,69,20
25-09-2018,59.2,35.6,70,18
26-09-2018,69.1,26.1,86,7
27-09-2018,73.5,42.5,38,12
28-09-2018,47.6,30.9,86,38
29-09-2018,78.3,33.4,88,9
30-09-2018,75.8,39.6,80,7
1/10/2018,70.9,40.1,77,21
2/10/2018,67.3,50.1,63,35
3/10/2018,72.3,44.3,70,25
4/10/2018,59.2,37.9,84,26
5/10/2018,62,35.9,92,27
6/10/2018,46,33.5,92,65
7/10/2018,50.7,35.3,93,58
8/10/2018,36,30.3,93,85
9/10/2018,36.2,28.4,92,76
10/10/2018,30,24.1,92,86
11/10/2018,49.1,21.6,90,51
12/10/2018,55.7,33.4,85,22
13-10-2018,56.3,25,89,20
14-10-2018,25,7.4,89,78
15-10-2018,42.1,0,82,41
16-10-2018,49.8,15.7,87,39
17-10-2018,50.5,21.1,90,41
18-10-2018,62.1,23.2,91,16
19-10-2018,60.1,29.1,79,18
20-10-2018,61.5,23.5,87,21
21-10-2018,67.1,26.1,83,19
22-10-2018,66.1,29.4,87,21
23-10-2018,62.4,31.9,85,20
24-10-2018,57.3,35.9,81,23
25-10-2018,61.8,35,60,19
26-10-2018,58.7,42.6,48,19
27-10-2018,64.5,38.3,78,24
28-10-2018,67.3,30.9,90,19
